Study_ID,Location_ID,Study_Specific_Location_ID,Field_Collection_Type,Field_Collector,Field_Collection_Start_Date,Field_Collection_Comment,Latitude_Decimal_Degrees,Longitude_Decimal_Degrees,Sample_ID,Sample_Field_Replicate_ID,Sample_Replicate_Flag,Sample_Composite_Flag,Sample_Matrix,Sample_Source,Sample_Collection_Method,Sample_Preparation_Method,Result_Parameter_Name,Result_Parameter_CAS_Number,Lab_Analysis_Date,Result_Value,Result_Value_Units,Result_Reporting_Limit,Result_Reporting_Limit_Type,Result_Detection_Limit,Result_Detection_Limit_Type,Result_Data_Qualifier,Fraction_Analyzed,Result_Method,Result_Lab_Name
WQC-2023-ThCoPH-00177,00177-001,BLA001,Sample,GovLocal,6/21/2023,,46.999244,-122.971982,23-A011184,,N,N,Water,Fresh/Surface Water,HANDGRAB,,Total Phosphorus,,7/3/2023,0.054,mg/L,0.005,,0.0047,MDL,,Total,SM4500P-F,"AmTest Laboratories, Kirkland WA"
WQC-2023-ThCoPH-00177,00177-003,BLA003,Sample,GovLocal,6/21/2023,,46.9891,-122.96155,23-A011185,,N,N,Water,Fresh/Surface Water,HANDGRAB,,Total Phosphorus,,7/3/2023,0.038,mg/L,0.005,,0.0047,MDL,,Total,SM4500P-F,"AmTest Laboratories, Kirkland WA"
WQC-2023-ThCoPH-00177,00177-004,BLA004,Sample,GovLocal,6/21/2023,,46.980352,-122.975222,23-A011186,,N,N,Water,Fresh/Surface Water,HANDGRAB,,Total Phosphorus,,7/3/2023,0.025,mg/L,0.005,,0.0047,MDL,,Total,SM4500P-F,"AmTest Laboratories, Kirkland WA"
WQC-2023-ThCoPH-00177,00177-005,BLA005,Sample,GovLocal,6/21/2023,,46.9794,-122.9714,23-A011187,,N,N,Water,Fresh/Surface Water,HANDGRAB,,Total Phosphorus,,7/3/2023,0.022,mg/L,0.005,,0.0047,MDL,,Total,SM4500P-F,"AmTest Laboratories, Kirkland WA"
WQC-2023-ThCoPH-00177,00177-006,BLA006,Sample,GovLocal,6/21/2023,,47.00784,-122.97618,23-A011188,,N,N,Water,Fresh/Surface Water,HANDGRAB,,Total Phosphorus,,7/3/2023,0.046,mg/L,0.005,,0.0047,MDL,,Total,SM4500P-F,"AmTest Laboratories, Kirkland WA"
WQC-2023-ThCoPH-00177,00177-007,BLA007,Sample,GovLocal,6/21/2023,,46.980353,-122.9882787,23-A011189,,N,N,Water,Fresh/Surface Water,HANDGRAB,,Total Phosphorus,,7/3/2023,0.028,mg/L,0.005,,0.0047,MDL,,Total,SM4500P-F,"AmTest Laboratories, Kirkland WA"
WQC-2023-ThCoPH-00177,00177-001,BLA001,Sample,GovLocal,6/27/2023,,46.999244,-122.971982,23-A011190,,N,N,Water,Fresh/Surface Water,HANDGRAB,,Total Phosphorus,,7/3/2023,0.114,mg/L,0.005,,0.0047,MDL,,Total,SM4500P-F,"AmTest Laboratories, Kirkland WA"
WQC-2023-ThCoPH-00177,00177-003,BLA003,Sample,GovLocal,6/27/2023,,46.9891,-122.96155,23-A011191,,N,N,Water,Fresh/Surface Water,HANDGRAB,,Total Phosphorus,,7/3/2023,0.054,mg/L,0.005,,0.0047,MDL,,Total,SM4500P-F,"AmTest Laboratories, Kirkland WA"
WQC-2023-ThCoPH-00177,00177-004,BLA004,Sample,GovLocal,6/27/2023,,46.980352,-122.975222,23-A011192,,N,N,Water,Fresh/Surface Water,HANDGRAB,,Total Phosphorus,,7/3/2023,0.033,mg/L,0.005,,0.0047,MDL,,Total,SM4500P-F,"AmTest Laboratories, Kirkland WA"
WQC-2023-ThCoPH-00177,00177-005,BLA005,Sample,GovLocal,6/27/2023,,46.9794,-122.9714,23-A011193,,N,N,Water,Fresh/Surface Water,HANDGRAB,,Total Phosphorus,,7/3/2023,0.033,mg/L,0.005,,0.0047,MDL,,Total,SM4500P-F,"AmTest Laboratories, Kirkland WA"
WQC-2023-ThCoPH-00177,00177-006,BLA006,Sample,GovLocal,6/27/2023,,47.00784,-122.97618,23-A011194,,N,N,Water,Fresh/Surface Water,HANDGRAB,,Total Phosphorus,,7/3/2023,0.203,mg/L,0.005,,0.0047,MDL,,Total,SM4500P-F,"AmTest Laboratories, Kirkland WA"
WQC-2023-ThCoPH-00177,00177-007,BLA007,Sample,GovLocal,6/27/2023,,46.980353,-122.9882787,23-A011195,,N,N,Water,Fresh/Surface Water,HANDGRAB,,Total Phosphorus,,7/3/2023,0.026,mg/L,0.005,,0.0047,MDL,,Total,SM4500P-F,"AmTest Laboratories, Kirkland WA"
WQC-2023-ThCoPH-00177,00177-001,BLA001,Sample,GovLocal,7/5/2023,,46.999244,-122.971982,23-A012355,,N,N,Water,Fresh/Surface Water,HANDGRAB,,Total Phosphorus,,8/1/2023,0.038,mg/L,0.005,,0.0047,MDL,,Total,SM4500P-F,"AmTest Laboratories, Kirkland WA"
WQC-2023-ThCoPH-00177,00177-002,BLA002,Sample,GovLocal,7/5/2023,,46.988902,-122.964812,23-A012356,,N,N,Water,Fresh/Surface Water,HANDGRAB,,Total Phosphorus,,8/1/2023,0.068,mg/L,0.005,,0.0047,MDL,,Total,SM4500P-F,"AmTest Laboratories, Kirkland WA"
WQC-2023-ThCoPH-00177,00177-003,BLA003,Sample,GovLocal,7/5/2023,,46.9891,-122.96155,23-A012357,,N,N,Water,Fresh/Surface Water,HANDGRAB,,Total Phosphorus,,8/1/2023,0.048,mg/L,0.005,,0.0047,MDL,,Total,SM4500P-F,"AmTest Laboratories, Kirkland WA"
WQC-2023-ThCoPH-00177,00177-004,BLA004,Sample,GovLocal,7/5/2023,,46.980352,-122.975222,23-A012358,,N,N,Water,Fresh/Surface Water,HANDGRAB,,Total Phosphorus,,8/1/2023,0.058,mg/L,0.005,,0.0047,MDL,,Total,SM4500P-F,"AmTest Laboratories, Kirkland WA"
WQC-2023-ThCoPH-00177,00177-005,BLA005,Sample,GovLocal,7/5/2023,,46.9794,-122.9714,23-A012359,,N,N,Water,Fresh/Surface Water,HANDGRAB,,Total Phosphorus,,8/1/2023,0.038,mg/L,0.005,,0.0047,MDL,,Total,SM4500P-F,"AmTest Laboratories, Kirkland WA"
WQC-2023-ThCoPH-00177,00177-006,BLA006,Sample,GovLocal,7/5/2023,,47.00784,-122.97618,23-A012360,,N,N,Water,Fresh/Surface Water,HANDGRAB,,Total Phosphorus,,8/1/2023,0.06,mg/L,0.005,,0.0047,MDL,,Total,SM4500P-F,"AmTest Laboratories, Kirkland WA"
WQC-2023-ThCoPH-00177,00177-007,BLA007,Sample,GovLocal,7/5/2023,,46.980353,-122.9882787,23-A012361,,N,N,Water,Fresh/Surface Water,HANDGRAB,,Total Phosphorus,,8/1/2023,0.029,mg/L,0.005,,0.0047,MDL,,Total,SM4500P-F,"AmTest Laboratories, Kirkland WA"
WQC-2023-ThCoPH-00177,00177-001,BLA001,Sample,GovLocal,7/12/2023,,46.999244,-122.971982,23-A012362,,N,N,Water,Fresh/Surface Water,HANDGRAB,,Total Phosphorus,,8/1/2023,0.054,mg/L,0.005,,0.0047,MDL,,Total,SM4500P-F,"AmTest Laboratories, Kirkland WA"
WQC-2023-ThCoPH-00177,00177-002,BLA002,Sample,GovLocal,7/12/2023,,46.988902,-122.964812,23-A012363,,N,N,Water,Fresh/Surface Water,HANDGRAB,,Total Phosphorus,,8/1/2023,0.065,mg/L,0.005,,0.0047,MDL,,Total,SM4500P-F,"AmTest Laboratories, Kirkland WA"
WQC-2023-ThCoPH-00177,00177-003,BLA003,Sample,GovLocal,7/12/2023,,46.9891,-122.96155,23-A012364,,N,N,Water,Fresh/Surface Water,HANDGRAB,,Total Phosphorus,,8/1/2023,0.041,mg/L,0.005,,0.0047,MDL,,Total,SM4500P-F,"AmTest Laboratories, Kirkland WA"
WQC-2023-ThCoPH-00177,00177-003,BLA003,Sample,GovLocal,7/12/2023,,46.9891,-122.96155,23-A012365,QA,Y,N,Water,Fresh/Surface Water,HANDGRAB,,Total Phosphorus,,8/1/2023,0.041,mg/L,0.005,,0.0047,MDL,,Total,SM4500P-F,"AmTest Laboratories, Kirkland WA"
WQC-2023-ThCoPH-00177,00177-004,BLA004,Sample,GovLocal,7/12/2023,,46.980352,-122.975222,23-A012366,,N,N,Water,Fresh/Surface Water,HANDGRAB,,Total Phosphorus,,8/1/2023,0.032,mg/L,0.005,,0.0047,MDL,,Total,SM4500P-F,"AmTest Laboratories, Kirkland WA"
WQC-2023-ThCoPH-00177,00177-005,BLA005,Sample,GovLocal,7/12/2023,,46.9794,-122.9714,23-A012367,,N,N,Water,Fresh/Surface Water,HANDGRAB,,Total Phosphorus,,8/1/2023,0.034,mg/L,0.005,,0.0047,MDL,,Total,SM4500P-F,"AmTest Laboratories, Kirkland WA"
WQC-2023-ThCoPH-00177,00177-006,BLA006,Sample,GovLocal,7/12/2023,,47.00784,-122.97618,23-A012368,,N,N,Water,Fresh/Surface Water,HANDGRAB,,Total Phosphorus,,8/1/2023,0.153,mg/L,0.005,,0.0047,MDL,,Total,SM4500P-F,"AmTest Laboratories, Kirkland WA"
WQC-2023-ThCoPH-00177,00177-007,BLA007,Sample,GovLocal,7/12/2023,,46.980353,-122.9882787,23-A012369,,N,N,Water,Fresh/Surface Water,HANDGRAB,,Total Phosphorus,,8/1/2023,0.029,mg/L,0.005,,0.0047,MDL,,Total,SM4500P-F,"AmTest Laboratories, Kirkland WA"
WQC-2023-ThCoPH-00177,00177-001,BLA001,Sample,GovLocal,7/20/2023,,46.999244,-122.971982,23-A012920,,N,N,Water,Fresh/Surface Water,HANDGRAB,,Total Phosphorus,,8/9/2023,0.077,mg/L,0.005,,0.0047,MDL,,Total,SM4500P-F,"AmTest Laboratories, Kirkland WA"
WQC-2023-ThCoPH-00177,00177-002,BLA002,Sample,GovLocal,7/20/2023,,46.988902,-122.964812,23-A012921,,N,N,Water,Fresh/Surface Water,HANDGRAB,,Total Phosphorus,,8/9/2023,0.07,mg/L,0.005,,0.0047,MDL,,Total,SM4500P-F,"AmTest Laboratories, Kirkland WA"
WQC-2023-ThCoPH-00177,00177-003,BLA003,Sample,GovLocal,7/20/2023,,46.9891,-122.96155,23-A012922,,N,N,Water,Fresh/Surface Water,HANDGRAB,,Total Phosphorus,,8/9/2023,0.056,mg/L,0.005,,0.0047,MDL,,Total,SM4500P-F,"AmTest Laboratories, Kirkland WA"
WQC-2023-ThCoPH-00177,00177-004,BLA004,Sample,GovLocal,7/20/2023,,46.980352,-122.975222,23-A012923,,N,N,Water,Fresh/Surface Water,HANDGRAB,,Total Phosphorus,,8/9/2023,0.041,mg/L,0.005,,0.0047,MDL,,Total,SM4500P-F,"AmTest Laboratories, Kirkland WA"
WQC-2023-ThCoPH-00177,00177-004,BLA004,Sample,GovLocal,7/20/2023,,46.980352,-122.975222,23-A012924,QA,Y,N,Water,Fresh/Surface Water,HANDGRAB,,Total Phosphorus,,8/9/2023,0.041,mg/L,0.005,,0.0047,MDL,,Total,SM4500P-F,"AmTest Laboratories, Kirkland WA"
WQC-2023-ThCoPH-00177,00177-005,BLA005,Sample,GovLocal,7/20/2023,,46.9794,-122.9714,23-A012925,,N,N,Water,Fresh/Surface Water,HANDGRAB,,Total Phosphorus,,8/9/2023,0.042,mg/L,0.005,,0.0047,MDL,,Total,SM4500P-F,"AmTest Laboratories, Kirkland WA"
WQC-2023-ThCoPH-00177,00177-007,BLA007,Sample,GovLocal,7/20/2023,,46.980353,-122.9882787,23-A012926,,N,N,Water,Fresh/Surface Water,HANDGRAB,,Total Phosphorus,,8/9/2023,0.037,mg/L,0.005,,0.0047,MDL,,Total,SM4500P-F,"AmTest Laboratories, Kirkland WA"
WQC-2023-ThCoPH-00177,00177-001,BLA001,Sample,GovLocal,7/25/2023,,46.999244,-122.971982,23-A012927,,N,N,Water,Fresh/Surface Water,HANDGRAB,,Total Phosphorus,,8/9/2023,0.061,mg/L,0.005,,0.0047,MDL,,Total,SM4500P-F,"AmTest Laboratories, Kirkland WA"
WQC-2023-ThCoPH-00177,00177-002,BLA002,Sample,GovLocal,7/25/2023,,46.988902,-122.964812,23-A012928,,N,N,Water,Fresh/Surface Water,HANDGRAB,,Total Phosphorus,,8/9/2023,0.075,mg/L,0.005,,0.0047,MDL,,Total,SM4500P-F,"AmTest Laboratories, Kirkland WA"
WQC-2023-ThCoPH-00177,00177-003,BLA003,Sample,GovLocal,7/25/2023,,46.9891,-122.96155,23-A012929,,N,N,Water,Fresh/Surface Water,HANDGRAB,,Total Phosphorus,,8/9/2023,0.051,mg/L,0.005,,0.0047,MDL,,Total,SM4500P-F,"AmTest Laboratories, Kirkland WA"
WQC-2023-ThCoPH-00177,00177-004,BLA004,Sample,GovLocal,7/25/2023,,46.980352,-122.975222,23-A012930,,N,N,Water,Fresh/Surface Water,HANDGRAB,,Total Phosphorus,,8/9/2023,0.045,mg/L,0.005,,0.0047,MDL,,Total,SM4500P-F,"AmTest Laboratories, Kirkland WA"
WQC-2023-ThCoPH-00177,00177-005,BLA005,Sample,GovLocal,7/25/2023,,46.9794,-122.9714,23-A012931,,N,N,Water,Fresh/Surface Water,HANDGRAB,,Total Phosphorus,,8/9/2023,0.05,mg/L,0.005,,0.0047,MDL,REJ,Total,SM4500P-F,"AmTest Laboratories, Kirkland WA"
WQC-2023-ThCoPH-00177,00177-005,BLA005,Sample,GovLocal,7/25/2023,,46.9794,-122.9714,23-A012932,QA,Y,N,Water,Fresh/Surface Water,HANDGRAB,,Total Phosphorus,,8/9/2023,0.039,mg/L,0.005,,0.0047,MDL,REJ,Total,SM4500P-F,"AmTest Laboratories, Kirkland WA"
WQC-2023-ThCoPH-00177,00177-007,BLA007,Sample,GovLocal,7/25/2023,,46.980353,-122.9882787,23-A012933,,N,N,Water,Fresh/Surface Water,HANDGRAB,,Total Phosphorus,,8/9/2023,0.04,mg/L,0.005,,0.0047,MDL,,Total,SM4500P-F,"AmTest Laboratories, Kirkland WA"
WQC-2023-ThCoPH-00181,00177-001,BLA001,Sample,GovLocal,8/3/2023,,46.999244,-122.971982,23-A014087,,N,N,Water,Fresh/Surface Water,HANDGRAB,,Total Phosphorus,,8/24/2023,0.081,mg/L,0.005,,0.0047,MDL,,Total,SM4500P-F,"AmTest Laboratories, Kirkland WA"
WQC-2023-ThCoPH-00182,00177-002,BLA002,Sample,GovLocal,8/3/2023,,46.988902,-122.964812,23-A014088,,N,N,Water,Fresh/Surface Water,HANDGRAB,,Total Phosphorus,,8/24/2023,0.077,mg/L,0.005,,0.0047,MDL,,Total,SM4500P-F,"AmTest Laboratories, Kirkland WA"
WQC-2023-ThCoPH-00183,00177-003,BLA003,Sample,GovLocal,8/3/2023,,46.9891,-122.96155,23-A014089,,N,N,Water,Fresh/Surface Water,HANDGRAB,,Total Phosphorus,,8/24/2023,0.086,mg/L,0.005,,0.0047,MDL,,Total,SM4500P-F,"AmTest Laboratories, Kirkland WA"
WQC-2023-ThCoPH-00184,00177-004,BLA004,Sample,GovLocal,8/3/2023,,46.980352,-122.975222,23-A014090,,N,N,Water,Fresh/Surface Water,HANDGRAB,,Total Phosphorus,,8/24/2023,0.04,mg/L,0.005,,0.0047,MDL,,Total,SM4500P-F,"AmTest Laboratories, Kirkland WA"
WQC-2023-ThCoPH-00185,00177-005,BLA005,Sample,GovLocal,8/3/2023,,46.9794,-122.9714,23-A014091,,N,N,Water,Fresh/Surface Water,HANDGRAB,,Total Phosphorus,,8/24/2023,0.04,mg/L,0.005,,0.0047,MDL,,Total,SM4500P-F,"AmTest Laboratories, Kirkland WA"
WQC-2023-ThCoPH-00187,00177-007,BLA007,Sample,GovLocal,8/3/2023,,46.980353,-122.9882787,23-A014092,,N,N,Water,Fresh/Surface Water,HANDGRAB,,Total Phosphorus,,8/24/2023,0.043,mg/L,0.005,,0.0047,MDL,,Total,SM4500P-F,"AmTest Laboratories, Kirkland WA"
WQC-2023-ThCoPH-00188,00177-008,BLA008,Sample,GovLocal,8/3/2023,,47.009801,-122.965046,23-A012940,,N,N,Water,Fresh/Surface Water,HANDGRAB,,Total Phosphorus,,8/24/2023,0.011,mg/L,0.005,,0.0047,MDL,,Total,SM4500P-F,"AmTest Laboratories, Kirkland WA"
WQC-2023-ThCoPH-00189,00177-009,BLA009,Sample,GovLocal,8/3/2023,,46.996677,-122.984555,23-A012941,,N,N,Water,Fresh/Surface Water,HANDGRAB,,Total Phosphorus,,8/24/2023,0.037,mg/L,0.005,,0.0047,MDL,,Total,SM4500P-F,"AmTest Laboratories, Kirkland WA"
WQC-2023-ThCoPH-00177,00177-001,BLA001,Sample,GovLocal,6/21/2023,,46.999244,-122.971982,080-1623,,N,N,Water,Fresh/Surface Water,HANDGRAB,,E.coli,68583-22-2,6/21/2023,56,MPN/100mL,1,,1,MDL,,Total,SM9223B,"Thurston County Health Department Lab, Olympia WA"
WQC-2023-ThCoPH-00177,00177-003,BLA003,Sample,GovLocal,6/21/2023,,46.9891,-122.96155,080-1624,,N,N,Water,Fresh/Surface Water,HANDGRAB,,E.coli,68583-22-2,6/21/2023,866,MPN/100mL,1,,1,MDL,,Total,SM9223B,"Thurston County Health Department Lab, Olympia WA"
WQC-2023-ThCoPH-00177,00177-004,BLA004,Sample,GovLocal,6/21/2023,,46.980352,-122.975222,080-1625,,N,N,Water,Fresh/Surface Water,HANDGRAB,,E.coli,68583-22-2,6/21/2023,345,MPN/100mL,1,,1,MDL,,Total,SM9223B,"Thurston County Health Department Lab, Olympia WA"
WQC-2023-ThCoPH-00177,00177-005,BLA005,Sample,GovLocal,6/21/2023,,46.9794,-122.9714,080-1626,,N,N,Water,Fresh/Surface Water,HANDGRAB,,E.coli,68583-22-2,6/21/2023,79,MPN/100mL,1,,1,MDL,,Total,SM9223B,"Thurston County Health Department Lab, Olympia WA"
WQC-2023-ThCoPH-00177,00177-006,BLA006,Sample,GovLocal,6/21/2023,,47.00784,-122.97618,080-1627,,N,N,Water,Fresh/Surface Water,HANDGRAB,,E.coli,68583-22-2,6/21/2023,866,MPN/100mL,1,,1,MDL,,Total,SM9223B,"Thurston County Health Department Lab, Olympia WA"
WQC-2023-ThCoPH-00177,00177-007,BLA007,Sample,GovLocal,6/21/2023,,46.980353,-122.9882787,080-1628,,N,N,Water,Fresh/Surface Water,HANDGRAB,,E.coli,68583-22-2,6/21/2023,161,MPN/100mL,1,,1,MDL,,Total,SM9223B,"Thurston County Health Department Lab, Olympia WA"
WQC-2023-ThCoPH-00177,00177-001,BLA001,Sample,GovLocal,6/27/2023,,46.999244,-122.971982,080-1698,,N,N,Water,Fresh/Surface Water,HANDGRAB,,E.coli,68583-22-2,6/27/2023,517,MPN/100mL,1,,1,MDL,,Total,SM9223B,"Thurston County Health Department Lab, Olympia WA"
WQC-2023-ThCoPH-00177,00177-003,BLA003,Sample,GovLocal,6/27/2023,,46.9891,-122.96155,080-1699,,N,N,Water,Fresh/Surface Water,HANDGRAB,,E.coli,68583-22-2,6/27/2023,326,MPN/100mL,1,,1,MDL,,Total,SM9223B,"Thurston County Health Department Lab, Olympia WA"
WQC-2023-ThCoPH-00177,00177-004,BLA004,Sample,GovLocal,6/27/2023,,46.980352,-122.975222,080-1700,,N,N,Water,Fresh/Surface Water,HANDGRAB,,E.coli,68583-22-2,6/27/2023,345,MPN/100mL,1,,1,MDL,,Total,SM9223B,"Thurston County Health Department Lab, Olympia WA"
WQC-2023-ThCoPH-00177,00177-005,BLA005,Sample,GovLocal,6/27/2023,,46.9794,-122.9714,080-1701,,N,N,Water,Fresh/Surface Water,HANDGRAB,,E.coli,68583-22-2,6/27/2023,58,MPN/100mL,1,,1,MDL,,Total,SM9223B,"Thurston County Health Department Lab, Olympia WA"
WQC-2023-ThCoPH-00177,00177-006,BLA006,Sample,GovLocal,6/27/2023,,47.00784,-122.97618,080-1702,,N,N,Water,Fresh/Surface Water,HANDGRAB,,E.coli,68583-22-2,6/27/2023,167,MPN/100mL,1,,1,MDL,,Total,SM9223B,"Thurston County Health Department Lab, Olympia WA"
WQC-2023-ThCoPH-00177,00177-007,BLA007,Sample,GovLocal,6/27/2023,,46.980353,-122.9882787,080-1703,,N,N,Water,Fresh/Surface Water,HANDGRAB,,E.coli,68583-22-2,6/27/2023,365,MPN/100mL,1,,1,MDL,,Total,SM9223B,"Thurston County Health Department Lab, Olympia WA"
WQC-2023-ThCoPH-00177,00177-001,BLA001,Sample,GovLocal,7/5/2023,,46.999244,-122.971982,080-1749,,N,N,Water,Fresh/Surface Water,HANDGRAB,,E.coli,68583-22-2,7/5/2023,727,MPN/100mL,1,,1,MDL,,Total,SM9223B,"Thurston County Health Department Lab, Olympia WA"
WQC-2023-ThCoPH-00177,00177-002,BLA002,Sample,GovLocal,7/5/2023,,46.988902,-122.964812,080-1750,,N,N,Water,Fresh/Surface Water,HANDGRAB,,E.coli,68583-22-2,7/5/2023,320,MPN/100mL,1,,1,MDL,,Total,SM9223B,"Thurston County Health Department Lab, Olympia WA"
WQC-2023-ThCoPH-00177,00177-003,BLA003,Sample,GovLocal,7/5/2023,,46.9891,-122.96155,080-1751,,N,N,Water,Fresh/Surface Water,HANDGRAB,,E.coli,68583-22-2,7/5/2023,1553,MPN/100mL,1,,1,MDL,,Total,SM9223B,"Thurston County Health Department Lab, Olympia WA"
WQC-2023-ThCoPH-00177,00177-004,BLA004,Sample,GovLocal,7/5/2023,,46.980352,-122.975222,080-1752,,N,N,Water,Fresh/Surface Water,HANDGRAB,,E.coli,68583-22-2,7/5/2023,124,MPN/100mL,1,,1,MDL,,Total,SM9223B,"Thurston County Health Department Lab, Olympia WA"
WQC-2023-ThCoPH-00177,00177-005,BLA005,Sample,GovLocal,7/5/2023,,46.9794,-122.9714,080-1753,,N,N,Water,Fresh/Surface Water,HANDGRAB,,E.coli,68583-22-2,7/5/2023,68,MPN/100mL,1,,1,MDL,,Total,SM9223B,"Thurston County Health Department Lab, Olympia WA"
WQC-2023-ThCoPH-00177,00177-006,BLA006,Sample,GovLocal,7/5/2023,,47.00784,-122.97618,080-1754,,N,N,Water,Fresh/Surface Water,HANDGRAB,,E.coli,68583-22-2,7/5/2023,2420,MPN/100mL,1,,1,MDL,G,Total,SM9223B,"Thurston County Health Department Lab, Olympia WA"
WQC-2023-ThCoPH-00177,00177-007,BLA007,Sample,GovLocal,7/5/2023,,46.980353,-122.9882787,080-1755,,N,N,Water,Fresh/Surface Water,HANDGRAB,,E.coli,68583-22-2,7/5/2023,1120,MPN/100mL,1,,1,MDL,,Total,SM9223B,"Thurston County Health Department Lab, Olympia WA"
WQC-2023-ThCoPH-00177,00177-001,BLA001,Sample,GovLocal,7/12/2023,,46.999244,-122.971982,080-1890,,N,N,Water,Fresh/Surface Water,HANDGRAB,,E.coli,68583-22-2,7/12/2023,172,MPN/100mL,1,,1,MDL,,Total,SM9223B,"Thurston County Health Department Lab, Olympia WA"
WQC-2023-ThCoPH-00177,00177-002,BLA002,Sample,GovLocal,7/12/2023,,46.988902,-122.964812,080-1891,,N,N,Water,Fresh/Surface Water,HANDGRAB,,E.coli,68583-22-2,7/12/2023,84,MPN/100mL,1,,1,MDL,,Total,SM9223B,"Thurston County Health Department Lab, Olympia WA"
WQC-2023-ThCoPH-00177,00177-003,BLA003,Sample,GovLocal,7/12/2023,,46.9891,-122.96155,080-1892,,N,N,Water,Fresh/Surface Water,HANDGRAB,,E.coli,68583-22-2,7/12/2023,652,MPN/100mL,1,,1,MDL,,Total,SM9223B,"Thurston County Health Department Lab, Olympia WA"
WQC-2023-ThCoPH-00177,00177-003,BLA003,Sample,GovLocal,7/12/2023,,46.9891,-122.96155,080-1893,QA,Y,N,Water,Fresh/Surface Water,HANDGRAB,,E.coli,68583-22-2,7/12/2023,410,MPN/100mL,1,,1,MDL,,Total,SM9223B,"Thurston County Health Department Lab, Olympia WA"
WQC-2023-ThCoPH-00177,00177-004,BLA004,Sample,GovLocal,7/12/2023,,46.980352,-122.975222,080-1894,,N,N,Water,Fresh/Surface Water,HANDGRAB,,E.coli,68583-22-2,7/12/2023,816,MPN/100mL,1,,1,MDL,,Total,SM9223B,"Thurston County Health Department Lab, Olympia WA"
WQC-2023-ThCoPH-00177,00177-005,BLA005,Sample,GovLocal,7/12/2023,,46.9794,-122.9714,080-1895,,N,N,Water,Fresh/Surface Water,HANDGRAB,,E.coli,68583-22-2,7/12/2023,1414,MPN/100mL,1,,1,MDL,,Total,SM9223B,"Thurston County Health Department Lab, Olympia WA"
WQC-2023-ThCoPH-00177,00177-006,BLA006,Sample,GovLocal,7/12/2023,,47.00784,-122.97618,080-1896,,N,N,Water,Fresh/Surface Water,HANDGRAB,,E.coli,68583-22-2,7/12/2023,26,MPN/100mL,1,,1,MDL,,Total,SM9223B,"Thurston County Health Department Lab, Olympia WA"
WQC-2023-ThCoPH-00177,00177-007,BLA007,Sample,GovLocal,7/12/2023,,46.980353,-122.9882787,080-1897,,N,N,Water,Fresh/Surface Water,HANDGRAB,,E.coli,68583-22-2,7/12/2023,548,MPN/100mL,1,,1,MDL,,Total,SM9223B,"Thurston County Health Department Lab, Olympia WA"
WQC-2023-ThCoPH-00177,00177-001,BLA001,Sample,GovLocal,7/20/2023,,46.999244,-122.971982,080-1972,,N,N,Water,Fresh/Surface Water,HANDGRAB,,E.coli,68583-22-2,7/20/2023,173,MPN/100mL,1,,1,MDL,,Total,SM9223B,"Thurston County Health Department Lab, Olympia WA"
WQC-2023-ThCoPH-00177,00177-002,BLA002,Sample,GovLocal,7/20/2023,,46.988902,-122.964812,080-1973,,N,N,Water,Fresh/Surface Water,HANDGRAB,,E.coli,68583-22-2,7/20/2023,770,MPN/100mL,1,,1,MDL,,Total,SM9223B,"Thurston County Health Department Lab, Olympia WA"
WQC-2023-ThCoPH-00177,00177-003,BLA003,Sample,GovLocal,7/20/2023,,46.9891,-122.96155,080-1974,,N,N,Water,Fresh/Surface Water,HANDGRAB,,E.coli,68583-22-2,7/20/2023,411,MPN/100mL,1,,1,MDL,,Total,SM9223B,"Thurston County Health Department Lab, Olympia WA"
WQC-2023-ThCoPH-00177,00177-004,BLA004,Sample,GovLocal,7/20/2023,,46.980352,-122.975222,080-1975,,N,N,Water,Fresh/Surface Water,HANDGRAB,,E.coli,68583-22-2,7/20/2023,236,MPN/100mL,1,,1,MDL,,Total,SM9223B,"Thurston County Health Department Lab, Olympia WA"
WQC-2023-ThCoPH-00177,00177-004,BLA004,Sample,GovLocal,7/20/2023,,46.980352,-122.975222,080-1976,QA,Y,N,Water,Fresh/Surface Water,HANDGRAB,,E.coli,68583-22-2,7/20/2023,365,MPN/100mL,1,,1,MDL,,Total,SM9223B,"Thurston County Health Department Lab, Olympia WA"
WQC-2023-ThCoPH-00177,00177-005,BLA005,Sample,GovLocal,7/20/2023,,46.9794,-122.9714,080-1977,,N,N,Water,Fresh/Surface Water,HANDGRAB,,E.coli,68583-22-2,7/20/2023,411,MPN/100mL,1,,1,MDL,,Total,SM9223B,"Thurston County Health Department Lab, Olympia WA"
WQC-2023-ThCoPH-00177,00177-007,BLA007,Sample,GovLocal,7/20/2023,,46.980353,-122.9882787,080-1978,,N,N,Water,Fresh/Surface Water,HANDGRAB,,E.coli,68583-22-2,7/20/2023,1046,MPN/100mL,1,,1,MDL,,Total,SM9223B,"Thurston County Health Department Lab, Olympia WA"
WQC-2023-ThCoPH-00177,00177-001,BLA001,Sample,GovLocal,7/25/2023,,46.999244,-122.971982,080-2035,,N,N,Water,Fresh/Surface Water,HANDGRAB,,E.coli,68583-22-2,7/25/2023,387,MPN/100mL,1,,1,MDL,,Total,SM9223B,"Thurston County Health Department Lab, Olympia WA"
WQC-2023-ThCoPH-00177,00177-002,BLA002,Sample,GovLocal,7/25/2023,,46.988902,-122.964812,080-2036,,N,N,Water,Fresh/Surface Water,HANDGRAB,,E.coli,68583-22-2,7/25/2023,133,MPN/100mL,1,,1,MDL,,Total,SM9223B,"Thurston County Health Department Lab, Olympia WA"
WQC-2023-ThCoPH-00177,00177-003,BLA003,Sample,GovLocal,7/25/2023,,46.9891,-122.96155,080-2037,,N,N,Water,Fresh/Surface Water,HANDGRAB,,E.coli,68583-22-2,7/25/2023,548,MPN/100mL,1,,1,MDL,,Total,SM9223B,"Thurston County Health Department Lab, Olympia WA"
WQC-2023-ThCoPH-00177,00177-004,BLA004,Sample,GovLocal,7/25/2023,,46.980352,-122.975222,080-2038,,N,N,Water,Fresh/Surface Water,HANDGRAB,,E.coli,68583-22-2,7/25/2023,162,MPN/100mL,1,,1,MDL,,Total,SM9223B,"Thurston County Health Department Lab, Olympia WA"
WQC-2023-ThCoPH-00177,00177-005,BLA005,Sample,GovLocal,7/25/2023,,46.9794,-122.9714,080-2039,,N,N,Water,Fresh/Surface Water,HANDGRAB,,E.coli,68583-22-2,7/25/2023,81,MPN/100mL,1,,1,MDL,,Total,SM9223B,"Thurston County Health Department Lab, Olympia WA"
WQC-2023-ThCoPH-00177,00177-005,BLA005,Sample,GovLocal,7/25/2023,,46.9794,-122.9714,080-2040,QA,Y,N,Water,Fresh/Surface Water,HANDGRAB,,E.coli,68583-22-2,7/25/2023,63,MPN/100mL,1,,1,MDL,,Total,SM9223B,"Thurston County Health Department Lab, Olympia WA"
WQC-2023-ThCoPH-00177,00177-007,BLA007,Sample,GovLocal,7/25/2023,,46.980353,-122.9882787,080-2041,,N,N,Water,Fresh/Surface Water,HANDGRAB,,E.coli,68583-22-2,7/25/2023,1120,MPN/100mL,1,,1,MDL,,Total,SM9223B,"Thurston County Health Department Lab, Olympia WA"
WQC-2023-ThCoPH-00177,00177-001,BLA001,Sample,GovLocal,8/3/2023,,46.999244,-122.971982,080-2161,,N,N,Water,Fresh/Surface Water,HANDGRAB,,E.coli,68583-22-2,8/3/2023,236,MPN/100mL,1,,1,MDL,,Total,SM9223B,"Thurston County Health Department Lab, Olympia WA"
WQC-2023-ThCoPH-00177,00177-002,BLA002,Sample,GovLocal,8/3/2023,,46.988902,-122.964812,080-2162,,N,N,Water,Fresh/Surface Water,HANDGRAB,,E.coli,68583-22-2,8/3/2023,111,MPN/100mL,1,,1,MDL,,Total,SM9223B,"Thurston County Health Department Lab, Olympia WA"
WQC-2023-ThCoPH-00177,00177-003,BLA003,Sample,GovLocal,8/3/2023,,46.9891,-122.96155,080-2163,,N,N,Water,Fresh/Surface Water,HANDGRAB,,E.coli,68583-22-2,8/3/2023,649,MPN/100mL,1,,1,MDL,,Total,SM9223B,"Thurston County Health Department Lab, Olympia WA"
WQC-2023-ThCoPH-00177,00177-004,BLA004,Sample,GovLocal,8/3/2023,,46.980352,-122.975222,080-2164,,N,N,Water,Fresh/Surface Water,HANDGRAB,,E.coli,68583-22-2,8/3/2023,111,MPN/100mL,1,,1,MDL,,Total,SM9223B,"Thurston County Health Department Lab, Olympia WA"
WQC-2023-ThCoPH-00177,00177-005,BLA005,Sample,GovLocal,8/3/2023,,46.9794,-122.9714,080-2165,,N,N,Water,Fresh/Surface Water,HANDGRAB,,E.coli,68583-22-2,8/3/2023,60,MPN/100mL,1,,1,MDL,,Total,SM9223B,"Thurston County Health Department Lab, Olympia WA"
WQC-2023-ThCoPH-00177,00177-007,BLA007,Sample,GovLocal,8/3/2023,,46.980353,-122.9882787,080-2166,,N,N,Water,Fresh/Surface Water,HANDGRAB,,E.coli,68583-22-2,8/3/2023,435,MPN/100mL,1,,1,MDL,,Total,SM9223B,"Thurston County Health Department Lab, Olympia WA"
WQC-2023-ThCoPH-00179,00177-009,BLA009,Sample,GovLocal,8/3/2023,,46.996677,-122.984555,080-2248,,N,N,Water,Fresh/Surface Water,HANDGRAB,,E.coli,68583-22-2,8/10/2023,435,MPN/100mL,1,,1,MDL,,Total,SM9223B,"Thurston County Health Department Lab, Olympia WA"
WQC-2023-ThCoPH-00180,00177-008,BLA008,Sample,GovLocal,8/3/2023,,47.009801,-122.965046,080-2249,,N,N,Water,Fresh/Surface Water,HANDGRAB,,E.coli,68583-22-2,8/10/2023,5,MPN/100mL,1,,1,MDL,,Total,SM9223B,"Thurston County Health Department Lab, Olympia WA"
WQC-2023-ThCoPH-00180,00177-002-01,BLA00201,Sample,GovLocal,8/24/2023,Segmentation,46.98639,-122.97224,080-2355,,N,N,Water,Fresh/Surface Water,HANDGRAB,,E.coli,68583-22-2,8/24/2023,105,MPN/100mL,1,,1,MDL,,Total,SM9223B,"Thurston County Health Department Lab, Olympia WA"
WQC-2023-ThCoPH-00180,00177-002-02,BLA00202,Sample,GovLocal,8/24/2023,Segmentation,46.98759,-122.96935,080-2356,,N,N,Water,Fresh/Surface Water,HANDGRAB,,E.coli,68583-22-2,8/24/2023,121,MPN/100mL,1,,1,MDL,,Total,SM9223B,"Thurston County Health Department Lab, Olympia WA"
WQC-2023-ThCoPH-00180,00177-002,BLA002,Sample,GovLocal,8/24/2023,Segmentation,46.988902,-122.964812,080-2357,,N,N,Water,Fresh/Surface Water,HANDGRAB,,E.coli,68583-22-2,8/24/2023,112,MPN/100mL,1,,1,MDL,,Total,SM9223B,"Thurston County Health Department Lab, Olympia WA"
WQC-2023-ThCoPH-00180,00177-002-03,BLA00203,Sample,GovLocal,8/24/2023,Segmentation,46.99045,-122.96175,080-2358,,N,N,Water,Fresh/Surface Water,HANDGRAB,,E.coli,68583-22-2,8/24/2023,248,MPN/100mL,1,,1,MDL,,Total,SM9223B,"Thurston County Health Department Lab, Olympia WA"
WQC-2023-ThCoPH-00180,00177-003,BLA003,Sample,GovLocal,8/24/2023,Segmentation,46.9891,-122.96155,080-2359,,N,N,Water,Fresh/Surface Water,HANDGRAB,,E.coli,68583-22-2,8/24/2023,345,MPN/100mL,1,,1,MDL,,Total,SM9223B,"Thurston County Health Department Lab, Olympia WA"
WQC-2023-ThCoPH-00180,00177-003-01,BLA00301,Sample,GovLocal,8/24/2023,Segmentation,46.980352,-122.975222,080-2360,,N,N,Water,Fresh/Surface Water,HANDGRAB,,E.coli,68583-22-2,8/24/2023,1046,MPN/100mL,1,,1,MDL,,Total,SM9223B,"Thurston County Health Department Lab, Olympia WA"
WQC-2023-ThCoPH-00180,00177-002-04,BLA00204,Sample,GovLocal,8/24/2023,Segmentation,46.993164,-122.957002,080-2361,,N,N,Water,Fresh/Surface Water,HANDGRAB,,E.coli,68583-22-2,8/24/2023,121,MPN/100mL,1,,1,MDL,,Total,SM9223B,"Thurston County Health Department Lab, Olympia WA"
WQC-2023-ThCoPH-00180,00177-002-01,BLA00201,Sample,GovLocal,8/31/2023,Segmentation,46.98639,-122.97224,080-2425,,N,N,Water,Fresh/Surface Water,HANDGRAB,,E.coli,68583-22-2,8/31/2023,161,MPN/100mL,1,,1,MDL,,Total,SM9223B,"Thurston County Health Department Lab, Olympia WA"
WQC-2023-ThCoPH-00180,00177-002-02,BLA00202,Sample,GovLocal,8/31/2023,Segmentation,46.98759,-122.96935,080-2424,,N,N,Water,Fresh/Surface Water,HANDGRAB,,E.coli,68583-22-2,8/31/2023,147,MPN/100mL,1,,1,MDL,,Total,SM9223B,"Thurston County Health Department Lab, Olympia WA"
WQC-2023-ThCoPH-00180,00177-002,BLA002,Sample,GovLocal,8/31/2023,Segmentation,46.988902,-122.964812,080-2423,,N,N,Water,Fresh/Surface Water,HANDGRAB,,E.coli,68583-22-2,8/31/2023,517,MPN/100mL,1,,1,MDL,,Total,SM9223B,"Thurston County Health Department Lab, Olympia WA"
WQC-2023-ThCoPH-00180,00177-002-03,BLA00203,Sample,GovLocal,8/31/2023,Segmentation,46.99045,-122.96175,080-2422,,N,N,Water,Fresh/Surface Water,HANDGRAB,,E.coli,68583-22-2,8/31/2023,980,MPN/100mL,1,,1,MDL,,Total,SM9223B,"Thurston County Health Department Lab, Olympia WA"
WQC-2023-ThCoPH-00180,00177-003,BLA003,Sample,GovLocal,8/31/2023,Segmentation,46.9891,-122.96155,080-2421,,N,N,Water,Fresh/Surface Water,HANDGRAB,,E.coli,68583-22-2,8/31/2023,1414,MPN/100mL,1,,1,MDL,,Total,SM9223B,"Thurston County Health Department Lab, Olympia WA"
WQC-2023-ThCoPH-00180,00177-003-01,BLA00301,Sample,GovLocal,8/31/2023,Segmentation,46.980352,-122.975222,080-2420,,N,N,Water,Fresh/Surface Water,HANDGRAB,,E.coli,68583-22-2,8/31/2023,2420,MPN/100mL,1,,1,MDL,G,Total,SM9223B,"Thurston County Health Department Lab, Olympia WA"
WQC-2023-ThCoPH-00180,00177-002-04,BLA00204,Sample,GovLocal,8/31/2023,Segmentation,46.993164,-122.957002,080-2419,,N,N,Water,Fresh/Surface Water,HANDGRAB,,E.coli,68583-22-2,8/31/2023,667,MPN/100mL,1,,1,MDL,,Total,SM9223B,"Thurston County Health Department Lab, Olympia WA"
WQC-2023-ThCoPH-00180,00177-001,BLA001,Sample,GovLocal,9/14/2023,,46.999244,-122.971982,080-2498,,N,N,Water,Fresh/Surface Water,HANDGRAB,,E.coli,68583-22-2,9/14/2023,308,MPN/100mL,1,,1,MDL,,Total,SM9223B,"Thurston County Health Department Lab, Olympia WA"
WQC-2023-ThCoPH-00180,00177-002,BLA002,Sample,GovLocal,9/14/2023,Segmentation,46.988902,-122.964812,080-2499,,N,N,Water,Fresh/Surface Water,HANDGRAB,,E.coli,68583-22-2,9/14/2023,461,MPN/100mL,1,,1,MDL,,Total,SM9223B,"Thurston County Health Department Lab, Olympia WA"
WQC-2023-ThCoPH-00180,00177-002-03,BLA00203,Sample,GovLocal,9/14/2023,Segmentation,46.99045,-122.96175,080-2500,,N,N,Water,Fresh/Surface Water,HANDGRAB,,E.coli,68583-22-2,9/14/2023,214,MPN/100mL,1,,1,MDL,,Total,SM9223B,"Thurston County Health Department Lab, Olympia WA"
WQC-2023-ThCoPH-00180,00177-002-03,BLA00203,Sample,GovLocal,9/14/2023,Segmentation,46.99045,-122.96175,080-2501,QA,Y,N,Water,Fresh/Surface Water,HANDGRAB,,E.coli,68583-22-2,9/14/2023,186,MPN/100mL,1,,1,MDL,,Total,SM9223B,"Thurston County Health Department Lab, Olympia WA"
WQC-2023-ThCoPH-00180,00177-003,BLA003,Sample,GovLocal,9/14/2023,Segmentation,46.9891,-122.96155,080-2502,,N,N,Water,Fresh/Surface Water,HANDGRAB,,E.coli,68583-22-2,9/14/2023,921,MPN/100mL,1,,1,MDL,,Total,SM9223B,"Thurston County Health Department Lab, Olympia WA"
WQC-2023-ThCoPH-00180,00177-003-01,BLA00301,Sample,GovLocal,9/14/2023,Segmentation,46.980352,-122.975222,080-2503,,N,N,Water,Fresh/Surface Water,HANDGRAB,,E.coli,68583-22-2,9/14/2023,866,MPN/100mL,1,,1,MDL,,Total,SM9223B,"Thurston County Health Department Lab, Olympia WA"
WQC-2023-ThCoPH-00180,00177-002-04,BLA00204,Sample,GovLocal,9/14/2023,Segmentation,46.993164,-122.957002,080-2504,,N,N,Water,Fresh/Surface Water,HANDGRAB,,E.coli,68583-22-2,9/14/2023,186,MPN/100mL,1,,1,MDL,,Total,SM9223B,"Thurston County Health Department Lab, Olympia WA"
WQC-2023-ThCoPH-00180,00177-002-01,BLA00201,Sample,GovLocal,9/14/2023,Segmentation,46.98639,-122.97224,080-2505,,N,N,Water,Fresh/Surface Water,HANDGRAB,,E.coli,68583-22-2,9/14/2023,308,MPN/100mL,1,,1,MDL,,Total,SM9223B,"Thurston County Health Department Lab, Olympia WA"
WQC-2023-ThCoPH-00180,00177-002-02,BLA00202,Sample,GovLocal,9/14/2023,Segmentation,46.98759,-122.96935,080-2506,,N,N,Water,Fresh/Surface Water,HANDGRAB,,E.coli,68583-22-2,9/14/2023,248,MPN/100mL,1,,1,MDL,,Total,SM9223B,"Thurston County Health Department Lab, Olympia WA"
WQC-2023-ThCoPH-00180,00177-004,BLA004,Sample,GovLocal,9/14/2023,,46.980352,-122.975222,080-2507,,N,N,Water,Fresh/Surface Water,HANDGRAB,,E.coli,68583-22-2,9/14/2023,68,MPN/100mL,1,,1,MDL,,Total,SM9223B,"Thurston County Health Department Lab, Olympia WA"
WQC-2023-ThCoPH-00180,00177-005,BLA005,Sample,GovLocal,9/14/2023,,46.9794,-122.9714,080-2508,,N,N,Water,Fresh/Surface Water,HANDGRAB,,E.coli,68583-22-2,9/14/2023,55,MPN/100mL,1,,1,MDL,,Total,SM9223B,"Thurston County Health Department Lab, Olympia WA"
WQC-2023-ThCoPH-00180,00177-007,BLA007,Sample,GovLocal,9/14/2023,,46.980353,-122.9882787,080-2509,,N,N,Water,Fresh/Surface Water,HANDGRAB,,E.coli,68583-22-2,9/14/2023,980,MPN/100mL,1,,1,MDL,,Total,SM9223B,"Thurston County Health Department Lab, Olympia WA"
WQC-2023-ThCoPH-00180,00177-007,BLA007,Sample,GovLocal,9/14/2023,,46.980353,-122.9882787,080-2510,QA,Y,N,Water,Fresh/Surface Water,HANDGRAB,,E.coli,68583-22-2,9/14/2023,816,MPN/100mL,1,,1,MDL,,Total,SM9223B,"Thurston County Health Department Lab, Olympia WA"
WQC-2023-ThCoPH-00180,00177-008,BLA008,Sample,GovLocal,9/14/2023,,47.009801,-122.965046,080-2511,,N,N,Water,Fresh/Surface Water,HANDGRAB,,E.coli,68583-22-2,9/14/2023,3,MPN/100mL,1,,1,MDL,,Total,SM9223B,"Thurston County Health Department Lab, Olympia WA"
WQC-2023-ThCoPH-00180,00177-009,BLA009,Sample,GovLocal,9/14/2023,,46.996677,-122.984555,080-2512,,N,N,Water,Fresh/Surface Water,HANDGRAB,,E.coli,68583-22-2,9/14/2023,36,MPN/100mL,1,,1,MDL,,Total,SM9223B,"Thurston County Health Department Lab, Olympia WA"
WQC-2023-ThCoPH-00180,00177-002-01,BLA00201,Sample,GovLocal,9/21/2023,Segmentation,46.98639,-122.97224,080-2544,,N,N,Water,Fresh/Surface Water,HANDGRAB,,E.coli,68583-22-2,9/21/2023,137,MPN/100mL,1,,1,MDL,,Total,SM9223B,"Thurston County Health Department Lab, Olympia WA"
WQC-2023-ThCoPH-00180,00177-002-02,BLA00202,Sample,GovLocal,9/21/2023,Segmentation,46.98759,-122.96935,080-2545,,N,N,Water,Fresh/Surface Water,HANDGRAB,,E.coli,68583-22-2,9/21/2023,194,MPN/100mL,1,,1,MDL,,Total,SM9223B,"Thurston County Health Department Lab, Olympia WA"
WQC-2023-ThCoPH-00180,00177-002,BLA002,Sample,GovLocal,9/21/2023,Segmentation,46.988902,-122.964812,080-2546,,N,N,Water,Fresh/Surface Water,HANDGRAB,,E.coli,68583-22-2,9/21/2023,147,MPN/100mL,1,,1,MDL,,Total,SM9223B,"Thurston County Health Department Lab, Olympia WA"
WQC-2023-ThCoPH-00180,00177-002-03,BLA00203,Sample,GovLocal,9/21/2023,Segmentation,46.99045,-122.96175,080-2547,,N,N,Water,Fresh/Surface Water,HANDGRAB,,E.coli,68583-22-2,9/21/2023,148,MPN/100mL,1,,1,MDL,,Total,SM9223B,"Thurston County Health Department Lab, Olympia WA"
WQC-2023-ThCoPH-00180,00177-003,BLA003,Sample,GovLocal,9/21/2023,Segmentation,46.9891,-122.96155,080-2548,,N,N,Water,Fresh/Surface Water,HANDGRAB,,E.coli,68583-22-2,9/21/2023,1733,MPN/100mL,1,,1,MDL,,Total,SM9223B,"Thurston County Health Department Lab, Olympia WA"
WQC-2023-ThCoPH-00180,00177-003-01,BLA00301,Sample,GovLocal,9/21/2023,Segmentation,46.980352,-122.975222,080-2549,,N,N,Water,Fresh/Surface Water,HANDGRAB,,E.coli,68583-22-2,9/21/2023,2420,MPN/100mL,1,,1,MDL,G,Total,SM9223B,"Thurston County Health Department Lab, Olympia WA"
WQC-2023-ThCoPH-00180,00177-002-04,BLA00204,Sample,GovLocal,9/21/2023,Segmentation,46.993164,-122.957002,080-2550,,N,N,Water,Fresh/Surface Water,HANDGRAB,,E.coli,68583-22-2,9/21/2023,107,MPN/100mL,1,,1,MDL,,Total,SM9223B,"Thurston County Health Department Lab, Olympia WA"
WQC-2023-ThCoPH-00181,00177-001,BLA001,Sample,GovLocal,10/12/2023,,46.999244,-122.971982,080-2797,,N,N,Water,Fresh/Surface Water,HANDGRAB,,E.coli,68583-22-2,10/12/2023,157,MPN/100mL,1,,1,MDL,,Total,SM9223B,"Thurston County Health Department Lab, Olympia WA"
WQC-2023-ThCoPH-00182,00177-002,BLA002,Sample,GovLocal,10/12/2023,,46.988902,-122.964812,080-2798,,N,N,Water,Fresh/Surface Water,HANDGRAB,,E.coli,68583-22-2,10/12/2023,179,MPN/100mL,1,,1,MDL,,Total,SM9223B,"Thurston County Health Department Lab, Olympia WA"
WQC-2023-ThCoPH-00183,00177-003,BLA003,Sample,GovLocal,10/12/2023,,46.9891,-122.96155,080-2799,,N,N,Water,Fresh/Surface Water,HANDGRAB,,E.coli,68583-22-2,10/12/2023,1733,MPN/100mL,1,,1,MDL,,Total,SM9223B,"Thurston County Health Department Lab, Olympia WA"
WQC-2023-ThCoPH-00184,00177-004,BLA004,Sample,GovLocal,10/12/2023,,46.980352,-122.975222,080-2800,,N,N,Water,Fresh/Surface Water,HANDGRAB,,E.coli,68583-22-2,10/12/2023,62,MPN/100mL,1,,1,MDL,,Total,SM9223B,"Thurston County Health Department Lab, Olympia WA"
WQC-2023-ThCoPH-00185,00177-005,BLA005,Sample,GovLocal,10/12/2023,,46.9794,-122.9714,080-2801,,N,N,Water,Fresh/Surface Water,HANDGRAB,,E.coli,68583-22-2,10/12/2023,39,MPN/100mL,1,,1,MDL,,Total,SM9223B,"Thurston County Health Department Lab, Olympia WA"
WQC-2023-ThCoPH-00187,00177-007,BLA007,Sample,GovLocal,10/12/2023,,46.980353,-122.9882787,080-2802,,N,N,Water,Fresh/Surface Water,HANDGRAB,,E.coli,68583-22-2,10/12/2023,728,MPN/100mL,1,,1,MDL,,Total,SM9223B,"Thurston County Health Department Lab, Olympia WA"
WQC-2023-ThCoPH-00188,00177-008,BLA008,Sample,GovLocal,10/12/2023,,47.009801,-122.965046,080-2803,,N,N,Water,Fresh/Surface Water,HANDGRAB,,E.coli,68583-22-2,10/12/2023,6,MPN/100mL,1,,1,MDL,,Total,SM9223B,"Thurston County Health Department Lab, Olympia WA"
WQC-2023-ThCoPH-00189,00177-008,BLA008,Sample,GovLocal,10/12/2023,,47.009801,-122.965046,080-2804,QA,Y,N,Water,Fresh/Surface Water,HANDGRAB,,E.coli,68583-22-2,10/12/2023,4,MPN/100mL,1,,1,MDL,,Total,SM9223B,"Thurston County Health Department Lab, Olympia WA"
WQC-2023-ThCoPH-00190,00177-009,BLA009,Sample,GovLocal,10/12/2023,,46.996677,-122.984555,080-2805,,N,N,Water,Fresh/Surface Water,HANDGRAB,,E.coli,68583-22-2,10/12/2023,27,MPN/100mL,1,,1,MDL,REJ,Total,SM9223B,"Thurston County Health Department Lab, Olympia WA"
WQC-2023-ThCoPH-00191,00177-009,BLA009,Sample,GovLocal,10/12/2023,,46.996677,-122.984555,080-2806,QA,Y,N,Water,Fresh/Surface Water,HANDGRAB,,E.coli,68583-22-2,10/12/2023,127,MPN/100mL,1,,1,MDL,REJ,Total,SM9223B,"Thurston County Health Department Lab, Olympia WA"
WQC-2023-ThCoPH-00192,00177-001,BLA001,Sample,GovLocal,11/8/2023,,46.999244,-122.971982,080-2992,,N,N,Water,Fresh/Surface Water,HANDGRAB,,E.coli,68583-22-2,11/8/2023,41,MPN/100mL,1,,1,MDL,,Total,SM9223B,"Thurston County Health Department Lab, Olympia WA"
WQC-2023-ThCoPH-00193,00177-002,BLA002,Sample,GovLocal,11/8/2023,,46.988902,-122.964812,080-2993,,N,N,Water,Fresh/Surface Water,HANDGRAB,,E.coli,68583-22-2,11/8/2023,22,MPN/100mL,1,,1,MDL,,Total,SM9223B,"Thurston County Health Department Lab, Olympia WA"
WQC-2023-ThCoPH-00194,00177-003,BLA003,Sample,GovLocal,11/8/2023,,46.9891,-122.96155,080-2994,,N,N,Water,Fresh/Surface Water,HANDGRAB,,E.coli,68583-22-2,11/8/2023,365,MPN/100mL,1,,1,MDL,,Total,SM9223B,"Thurston County Health Department Lab, Olympia WA"
WQC-2023-ThCoPH-00195,00177-004,BLA004,Sample,GovLocal,11/8/2023,,46.980352,-122.975222,080-2995,,N,N,Water,Fresh/Surface Water,HANDGRAB,,E.coli,68583-22-2,11/8/2023,22,MPN/100mL,1,,1,MDL,,Total,SM9223B,"Thurston County Health Department Lab, Olympia WA"
WQC-2023-ThCoPH-00196,00177-005,BLA005,Sample,GovLocal,11/8/2023,,46.9794,-122.9714,080-2996,,N,N,Water,Fresh/Surface Water,HANDGRAB,,E.coli,68583-22-2,11/8/2023,15,MPN/100mL,1,,1,MDL,,Total,SM9223B,"Thurston County Health Department Lab, Olympia WA"
WQC-2023-ThCoPH-00197,00177-006,BLA006,Sample,GovLocal,11/8/2023,,47.00784,-122.97618,080-2998,,N,N,Water,Fresh/Surface Water,HANDGRAB,,E.coli,68583-22-2,11/8/2023,488,MPN/100mL,1,,1,MDL,,Total,SM9223B,"Thurston County Health Department Lab, Olympia WA"
WQC-2023-ThCoPH-00198,00177-007,BLA007,Sample,GovLocal,11/8/2023,,46.980353,-122.9882787,080-2999,,N,N,Water,Fresh/Surface Water,HANDGRAB,,E.coli,68583-22-2,11/8/2023,135,MPN/100mL,1,,1,MDL,,Total,SM9223B,"Thurston County Health Department Lab, Olympia WA"
WQC-2023-ThCoPH-00199,00177-008,BLA008,Sample,GovLocal,11/8/2023,,47.009801,-122.965046,080-2997,,N,N,Water,Fresh/Surface Water,HANDGRAB,,E.coli,68583-22-2,11/8/2023,10,MPN/100mL,1,,1,MDL,,Total,SM9223B,"Thurston County Health Department Lab, Olympia WA"
WQC-2023-ThCoPH-00200,00177-009,BLA009,Sample,GovLocal,11/8/2023,,46.996677,-122.984555,080-3000,,N,N,Water,Fresh/Surface Water,HANDGRAB,,E.coli,68583-22-2,11/8/2023,15,MPN/100mL,1,,1,MDL,,Total,SM9223B,"Thurston County Health Department Lab, Olympia WA"
WQC-2023-ThCoPH-00201,00177-004,BLA004,Sample,GovLocal,11/13/2023,Segmentation,46.980352,-122.975222,080-3022,,N,N,Water,Fresh/Surface Water,HANDGRAB,,E.coli,68583-22-2,11/13/2023,9,MPN/100mL,1,,1,MDL,,Total,SM9223B,"Thurston County Health Department Lab, Olympia WA"
WQC-2023-ThCoPH-00202,00177-005-01,BLA00501,Sample,GovLocal,11/13/2023,Segmentation,46.979515,-122.971299,080-3024,,N,N,Water,Fresh/Surface Water,HANDGRAB,,E.coli,68583-22-2,11/13/2023,19,MPN/100mL,1,,1,MDL,,Total,SM9223B,"Thurston County Health Department Lab, Olympia WA"
WQC-2023-ThCoPH-00203,00177-005,BLA005,Sample,GovLocal,11/13/2023,Segmentation,46.9794,-122.9714,080-3023,,N,N,Water,Fresh/Surface Water,HANDGRAB,,E.coli,68583-22-2,11/13/2023,53,MPN/100mL,1,,1,MDL,,Total,SM9223B,"Thurston County Health Department Lab, Olympia WA"
WQC-2023-ThCoPH-00204,00177-005-02,BLA00502,Sample,GovLocal,11/13/2023,Segmentation,46.977944,-122.968398,080-3025,,N,N,Water,Fresh/Surface Water,HANDGRAB,,E.coli,68583-22-2,11/13/2023,14,MPN/100mL,1,,1,MDL,,Total,SM9223B,"Thurston County Health Department Lab, Olympia WA"
WQC-2023-ThCoPH-00205,00177-001,BLA001,Sample,GovLocal,9/14/2023,,46.999244,-122.971982,23-A015807,,N,N,Water,Fresh/Surface Water,HANDGRAB,,Total Phosphorus,,9/21/2023,0.349,mg/L,0.005,,0.0047,MDL,,Total,SM4500P-F,"AmTest Laboratories, Kirkland WA"
WQC-2023-ThCoPH-00206,00177-002,BLA002,Sample,GovLocal,9/14/2023,,46.988902,-122.964812,23-A015808,,N,N,Water,Fresh/Surface Water,HANDGRAB,,Total Phosphorus,,9/21/2023,0.054,mg/L,0.005,,0.0047,MDL,,Total,SM4500P-F,"AmTest Laboratories, Kirkland WA"
WQC-2023-ThCoPH-00207,00177-003,BLA003,Sample,GovLocal,9/14/2023,,46.9891,-122.96155,23-A015809,,N,N,Water,Fresh/Surface Water,HANDGRAB,,Total Phosphorus,,9/21/2023,0.082,mg/L,0.005,,0.0047,MDL,,Total,SM4500P-F,"AmTest Laboratories, Kirkland WA"
WQC-2023-ThCoPH-00208,00177-004,BLA004,Sample,GovLocal,9/14/2023,,46.980352,-122.975222,23-A015810,,N,N,Water,Fresh/Surface Water,HANDGRAB,,Total Phosphorus,,9/21/2023,0.028,mg/L,0.005,,0.0047,MDL,,Total,SM4500P-F,"AmTest Laboratories, Kirkland WA"
WQC-2023-ThCoPH-00209,00177-005,BLA005,Sample,GovLocal,9/14/2023,,46.9794,-122.9714,23-A015811,,N,N,Water,Fresh/Surface Water,HANDGRAB,,Total Phosphorus,,9/21/2023,0.027,mg/L,0.005,,0.0047,MDL,,Total,SM4500P-F,"AmTest Laboratories, Kirkland WA"
WQC-2023-ThCoPH-00210,00177-007,BLA007,Sample,GovLocal,9/14/2023,,46.980353,-122.9882787,23-A015812,,N,N,Water,Fresh/Surface Water,HANDGRAB,,Total Phosphorus,,9/21/2023,0.041,mg/L,0.005,,0.0047,MDL,,Total,SM4500P-F,"AmTest Laboratories, Kirkland WA"
WQC-2023-ThCoPH-00211,00177-007,BLA007,Sample,GovLocal,9/14/2023,,46.980353,-122.9882787,23-A015813,QA,Y,N,Water,Fresh/Surface Water,HANDGRAB,,Total Phosphorus,,9/21/2023,0.039,mg/L,0.005,,0.0047,MDL,,Total,SM4500P-F,"AmTest Laboratories, Kirkland WA"
WQC-2023-ThCoPH-00212,00177-008,BLA008,Sample,GovLocal,9/14/2023,,47.009801,-122.965046,23-A015814,,N,N,Water,Fresh/Surface Water,HANDGRAB,,Total Phosphorus,,9/21/2023,0.014,mg/L,0.005,,0.0047,MDL,,Total,SM4500P-F,"AmTest Laboratories, Kirkland WA"
WQC-2023-ThCoPH-00213,00177-009,BLA009,Sample,GovLocal,9/14/2023,,46.996677,-122.984555,23-A015815,,N,N,Water,Fresh/Surface Water,HANDGRAB,,Total Phosphorus,,9/21/2023,0.026,mg/L,0.005,,0.0047,MDL,,Total,SM4500P-F,"AmTest Laboratories, Kirkland WA"
WQC-2023-ThCoPH-00214,00177-001,BLA001,Sample,GovLocal,10/12/2023,,46.999244,-122.971982,23-A019514,,N,N,Water,Fresh/Surface Water,HANDGRAB,,Total Phosphorus,,11/14/2023,0.043,mg/L,0.005,,0.0047,MDL,,Total,SM4500P-F,"AmTest Laboratories, Kirkland WA"
WQC-2023-ThCoPH-00215,00177-002,BLA002,Sample,GovLocal,10/12/2023,,46.988902,-122.964812,23-A019515,,N,N,Water,Fresh/Surface Water,HANDGRAB,,Total Phosphorus,,11/14/2023,0.053,mg/L,0.005,,0.0047,MDL,,Total,SM4500P-F,"AmTest Laboratories, Kirkland WA"
WQC-2023-ThCoPH-00216,00177-003,BLA003,Sample,GovLocal,10/12/2023,,46.9891,-122.96155,23-A019516,,N,N,Water,Fresh/Surface Water,HANDGRAB,,Total Phosphorus,,11/14/2023,0.042,mg/L,0.005,,0.0047,MDL,,Total,SM4500P-F,"AmTest Laboratories, Kirkland WA"
WQC-2023-ThCoPH-00217,00177-004,BLA004,Sample,GovLocal,10/12/2023,,46.980352,-122.975222,23-A019517,,N,N,Water,Fresh/Surface Water,HANDGRAB,,Total Phosphorus,,11/14/2023,0.024,mg/L,0.005,,0.0047,MDL,,Total,SM4500P-F,"AmTest Laboratories, Kirkland WA"
WQC-2023-ThCoPH-00218,00177-005,BLA005,Sample,GovLocal,10/12/2023,,46.9794,-122.9714,23-A019518,,N,N,Water,Fresh/Surface Water,HANDGRAB,,Total Phosphorus,,11/14/2023,0.023,mg/L,0.005,,0.0047,MDL,,Total,SM4500P-F,"AmTest Laboratories, Kirkland WA"
WQC-2023-ThCoPH-00219,00177-007,BLA007,Sample,GovLocal,10/12/2023,,46.980353,-122.9882787,23-A019519,,N,N,Water,Fresh/Surface Water,HANDGRAB,,Total Phosphorus,,11/14/2023,0.028,mg/L,0.005,,0.0047,MDL,,Total,SM4500P-F,"AmTest Laboratories, Kirkland WA"
WQC-2023-ThCoPH-00220,00177-008,BLA008,Sample,GovLocal,10/12/2023,,47.009801,-122.965046,23-A019520,,N,N,Water,Fresh/Surface Water,HANDGRAB,,Total Phosphorus,,11/14/2023,0.015,mg/L,0.005,,0.0047,MDL,,Total,SM4500P-F,"AmTest Laboratories, Kirkland WA"
WQC-2023-ThCoPH-00221,00177-008,BLA008,Sample,GovLocal,10/12/2023,,47.009801,-122.965046,23-A019521,QA,Y,N,Water,Fresh/Surface Water,HANDGRAB,,Total Phosphorus,,11/14/2023,0.015,mg/L,0.005,,0.0047,MDL,,Total,SM4500P-F,"AmTest Laboratories, Kirkland WA"
WQC-2023-ThCoPH-00222,00177-009,BLA009,Sample,GovLocal,10/12/2023,,46.996677,-122.984555,23-A019522,,N,N,Water,Fresh/Surface Water,HANDGRAB,,Total Phosphorus,,11/14/2023,0.023,mg/L,0.005,,0.0047,MDL,,Total,SM4500P-F,"AmTest Laboratories, Kirkland WA"
WQC-2023-ThCoPH-00223,00177-009,BLA009,Sample,GovLocal,10/12/2023,,46.996677,-122.984555,23-A019523,QA,Y,N,Water,Fresh/Surface Water,HANDGRAB,,Total Phosphorus,,11/14/2023,0.024,mg/L,0.005,,0.0047,MDL,,Total,SM4500P-F,"AmTest Laboratories, Kirkland WA"
WQC-2023-ThCoPH-00224,00177-001,BLA001,Sample,GovLocal,11/8/2023,,46.999244,-122.971982,23-A019525,,N,N,Water,Fresh/Surface Water,HANDGRAB,,Total Phosphorus,,11/14/2023,0.035,mg/L,0.005,,0.0047,MDL,,Total,SM4500P-F,"AmTest Laboratories, Kirkland WA"
WQC-2023-ThCoPH-00225,00177-002,BLA002,Sample,GovLocal,11/8/2023,,46.988902,-122.964812,23-A019526,,N,N,Water,Fresh/Surface Water,HANDGRAB,,Total Phosphorus,,11/14/2023,0.052,mg/L,0.005,,0.0047,MDL,,Total,SM4500P-F,"AmTest Laboratories, Kirkland WA"
WQC-2023-ThCoPH-00226,00177-003,BLA003,Sample,GovLocal,11/8/2023,,46.9891,-122.96155,23-A019527,,N,N,Water,Fresh/Surface Water,HANDGRAB,,Total Phosphorus,,11/14/2023,0.042,mg/L,0.005,,0.0047,MDL,,Total,SM4500P-F,"AmTest Laboratories, Kirkland WA"
WQC-2023-ThCoPH-00227,00177-004,BLA004,Sample,GovLocal,11/8/2023,,46.980352,-122.975222,23-A019528,,N,N,Water,Fresh/Surface Water,HANDGRAB,,Total Phosphorus,,11/14/2023,0.021,mg/L,0.005,,0.0047,MDL,,Total,SM4500P-F,"AmTest Laboratories, Kirkland WA"
WQC-2023-ThCoPH-00228,00177-005,BLA005,Sample,GovLocal,11/8/2023,,46.9794,-122.9714,23-A019529,,N,N,Water,Fresh/Surface Water,HANDGRAB,,Total Phosphorus,,11/14/2023,0.019,mg/L,0.005,,0.0047,MDL,,Total,SM4500P-F,"AmTest Laboratories, Kirkland WA"
WQC-2023-ThCoPH-00229,00177-008,BLA008,Sample,GovLocal,11/8/2023,,47.009801,-122.965046,23-A019530,,N,N,Water,Fresh/Surface Water,HANDGRAB,,Total Phosphorus,,11/14/2023,0.02,mg/L,0.005,,0.0047,MDL,,Total,SM4500P-F,"AmTest Laboratories, Kirkland WA"
WQC-2023-ThCoPH-00230,00177-006,BLA006,Sample,GovLocal,11/8/2023,,47.00784,-122.97618,23-A019531,,N,N,Water,Fresh/Surface Water,HANDGRAB,,Total Phosphorus,,11/14/2023,0.03,mg/L,0.005,,0.0047,MDL,,Total,SM4500P-F,"AmTest Laboratories, Kirkland WA"
WQC-2023-ThCoPH-00231,00177-007,BLA007,Sample,GovLocal,11/8/2023,,46.980353,-122.9882787,23-A019532,,N,N,Water,Fresh/Surface Water,HANDGRAB,,Total Phosphorus,,11/14/2023,0.021,mg/L,0.005,,0.0047,MDL,,Total,SM4500P-F,"AmTest Laboratories, Kirkland WA"
WQC-2023-ThCoPH-00232,00177-009,BLA009,Sample,GovLocal,11/8/2023,,46.996677,-122.984555,23-A019533,,N,N,Water,Fresh/Surface Water,HANDGRAB,,Total Phosphorus,,11/14/2023,0.019,mg/L,0.005,,0.0047,MDL,,Total,SM4500P-F,"AmTest Laboratories, Kirkland WA"
WQC-2023-ThCoPH-00233,00177-004,BLA004,Sample,GovLocal,11/20/2023,Segmentation,46.980352,-122.975222,080-3085,,N,N,Water,Fresh/Surface Water,HANDGRAB,,E.coli,68583-22-2,11/20/2023,14,MPN/100mL,1,,1,MDL,,Total,SM9223B,"Thurston County Health Department Lab, Olympia WA"
WQC-2023-ThCoPH-00234,00177-005-01,BLA00501,Sample,GovLocal,11/20/2023,Segmentation,46.979515,-122.971299,080-3086,,N,N,Water,Fresh/Surface Water,HANDGRAB,,E.coli,68583-22-2,11/20/2023,14,MPN/100mL,1,,1,MDL,,Total,SM9223B,"Thurston County Health Department Lab, Olympia WA"
WQC-2023-ThCoPH-00235,00177-005,BLA005,Sample,GovLocal,11/20/2023,Segmentation,46.9794,-122.9714,080-3087,,N,N,Water,Fresh/Surface Water,HANDGRAB,,E.coli,68583-22-2,11/20/2023,20,MPN/100mL,1,,1,MDL,,Total,SM9223B,"Thurston County Health Department Lab, Olympia WA"
WQC-2023-ThCoPH-00236,00177-005-02,BLA00502,Sample,GovLocal,11/20/2023,Segmentation,46.977944,-122.968398,080-3088,,N,N,Water,Fresh/Surface Water,HANDGRAB,,E.coli,68583-22-2,11/20/2023,9,MPN/100mL,1,,1,MDL,,Total,SM9223B,"Thurston County Health Department Lab, Olympia WA"
WQC-2023-ThCoPH-00237,00177-004,BLA004,Sample,GovLocal,11/27/2023,Segmentation,46.980352,-122.975222,080-3116,,N,N,Water,Fresh/Surface Water,HANDGRAB,,E.coli,68583-22-2,11/27/2023,2,MPN/100mL,1,,1,MDL,,Total,SM9223B,"Thurston County Health Department Lab, Olympia WA"
WQC-2023-ThCoPH-00238,00177-005-01,BLA00501,Sample,GovLocal,11/27/2023,Segmentation,46.979515,-122.971299,080-3117,,N,N,Water,Fresh/Surface Water,HANDGRAB,,E.coli,68583-22-2,11/27/2023,5,MPN/100mL,1,,1,MDL,,Total,SM9223B,"Thurston County Health Department Lab, Olympia WA"
WQC-2023-ThCoPH-00239,00177-005,BLA005,Sample,GovLocal,11/27/2023,Segmentation,46.9794,-122.9714,080-3118,,N,N,Water,Fresh/Surface Water,HANDGRAB,,E.coli,68583-22-2,11/27/2023,2,MPN/100mL,1,,1,MDL,,Total,SM9223B,"Thurston County Health Department Lab, Olympia WA"
WQC-2023-ThCoPH-00240,00177-005-02,BLA00502,Sample,GovLocal,11/27/2023,Segmentation,46.977944,-122.968398,080-3119,,N,N,Water,Fresh/Surface Water,HANDGRAB,,E.coli,68583-22-2,11/27/2023,3,MPN/100mL,1,,1,MDL,,Total,SM9223B,"Thurston County Health Department Lab, Olympia WA"
WQC-2023-ThCoPH-00241,00177-005-02,BLA00502,Sample,GovLocal,11/27/2023,Segmentation,46.977944,-122.968398,080-3120,QA,Y,N,Water,Fresh/Surface Water,HANDGRAB,,E.coli,68583-22-2,11/27/2023,3,MPN/100mL,1,,1,MDL,,Total,SM9223B,"Thurston County Health Department Lab, Olympia WA"
WQC-2023-ThCoPH-00242,00177-001,BLA001,Sample,GovLocal,12/14/2023,,46.999244,-122.971982,080-3299,,N,N,Water,Fresh/Surface Water,HANDGRAB,,E.coli,68583-22-2,12/14/2023,10,MPN/100mL,1,,1,MDL,,Total,SM9223B,"Thurston County Health Department Lab, Olympia WA"
WQC-2023-ThCoPH-00243,00177-001,BLA001,Sample,GovLocal,12/14/2023,,46.999244,-122.971982,080-3300,QA,Y,N,Water,Fresh/Surface Water,HANDGRAB,,E.coli,68583-22-2,12/14/2023,15,MPN/100mL,1,,1,MDL,,Total,SM9223B,"Thurston County Health Department Lab, Olympia WA"
WQC-2023-ThCoPH-00244,00177-002,BLA002,Sample,GovLocal,12/14/2023,,46.988902,-122.964812,080-3301,,N,N,Water,Fresh/Surface Water,HANDGRAB,,E.coli,68583-22-2,12/14/2023,11,MPN/100mL,1,,1,MDL,,Total,SM9223B,"Thurston County Health Department Lab, Olympia WA"
WQC-2023-ThCoPH-00245,00177-003,BLA003,Sample,GovLocal,12/14/2023,,46.9891,-122.96155,080-3302,,N,N,Water,Fresh/Surface Water,HANDGRAB,,E.coli,68583-22-2,12/14/2023,130,MPN/100mL,1,,1,MDL,,Total,SM9223B,"Thurston County Health Department Lab, Olympia WA"
WQC-2023-ThCoPH-00246,00177-004,BLA004,Sample,GovLocal,12/14/2023,,46.980352,-122.975222,080-3303,,N,N,Water,Fresh/Surface Water,HANDGRAB,,E.coli,68583-22-2,12/14/2023,10,MPN/100mL,1,,1,MDL,,Total,SM9223B,"Thurston County Health Department Lab, Olympia WA"
WQC-2023-ThCoPH-00247,00177-005,BLA005,Sample,GovLocal,12/14/2023,,46.9794,-122.9714,080-3304,,N,N,Water,Fresh/Surface Water,HANDGRAB,,E.coli,68583-22-2,12/14/2023,2,MPN/100mL,1,,1,MDL,,Total,SM9223B,"Thurston County Health Department Lab, Olympia WA"
WQC-2023-ThCoPH-00248,00177-008,BLA008,Sample,GovLocal,12/14/2023,,47.009801,-122.965046,080-3305,,N,N,Water,Fresh/Surface Water,HANDGRAB,,E.coli,68583-22-2,12/14/2023,1,MPN/100mL,1,,1,MDL,,Total,SM9223B,"Thurston County Health Department Lab, Olympia WA"
WQC-2023-ThCoPH-00249,00177-006,BLA006,Sample,GovLocal,12/14/2023,,47.00784,-122.97618,080-3306,,N,N,Water,Fresh/Surface Water,HANDGRAB,,E.coli,68583-22-2,12/14/2023,135,MPN/100mL,1,,1,MDL,,Total,SM9223B,"Thurston County Health Department Lab, Olympia WA"
WQC-2023-ThCoPH-00250,00177-009,BLA009,Sample,GovLocal,12/14/2023,,46.996677,-122.984555,080-3307,,N,N,Water,Fresh/Surface Water,HANDGRAB,,E.coli,68583-22-2,12/14/2023,9,MPN/100mL,1,,1,MDL,,Total,SM9223B,"Thurston County Health Department Lab, Olympia WA"
WQC-2023-ThCoPH-00251,00177-009,BLA009,Sample,GovLocal,12/14/2023,,46.996677,-122.984555,080-3308,QA,Y,N,Water,Fresh/Surface Water,HANDGRAB,,E.coli,68583-22-2,12/14/2023,9,MPN/100mL,1,,1,MDL,,Total,SM9223B,"Thurston County Health Department Lab, Olympia WA"
WQC-2023-ThCoPH-00252,00177-007,BLA007,Sample,GovLocal,12/14/2023,,46.980353,-122.9882787,080-3309,,N,N,Water,Fresh/Surface Water,HANDGRAB,,E.coli,68583-22-2,12/14/2023,345,MPN/100mL,1,,1,MDL,,Total,SM9223B,"Thurston County Health Department Lab, Olympia WA"
WQC-2023-ThCoPH-00253,00177-002-01,BLA00201,Sample,GovLocal,1/9/2024,Segmentation,46.98639,-122.97224,080-65,,N,N,Water,Fresh/Surface Water,HANDGRAB,,E.coli,68583-22-2,1/9/2024,91,MPN/100mL,1,,1,MDL,,Total,SM9223B,"Thurston County Health Department Lab, Olympia WA"
WQC-2023-ThCoPH-00254,00177-002-02,BLA00202,Sample,GovLocal,1/9/2024,Segmentation,46.98759,-122.96935,080-66,,N,N,Water,Fresh/Surface Water,HANDGRAB,,E.coli,68583-22-2,1/9/2024,55,MPN/100mL,1,,1,MDL,,Total,SM9223B,"Thurston County Health Department Lab, Olympia WA"
WQC-2023-ThCoPH-00255,00177-002,BLA002,Sample,GovLocal,1/9/2024,Segmentation,46.988902,-122.964812,080-67,,N,N,Water,Fresh/Surface Water,HANDGRAB,,E.coli,68583-22-2,1/9/2024,99,MPN/100mL,1,,1,MDL,,Total,SM9223B,"Thurston County Health Department Lab, Olympia WA"
WQC-2023-ThCoPH-00256,00177-002-03,BLA00203,Sample,GovLocal,1/9/2024,Segmentation,46.99045,-122.96175,080-68,,N,N,Water,Fresh/Surface Water,HANDGRAB,,E.coli,68583-22-2,1/9/2024,178,MPN/100mL,1,,1,MDL,,Total,SM9223B,"Thurston County Health Department Lab, Olympia WA"
WQC-2023-ThCoPH-00257,00177-003,BLA003,Sample,GovLocal,1/9/2024,Segmentation,46.9891,-122.96155,080-69,,N,N,Water,Fresh/Surface Water,HANDGRAB,,E.coli,68583-22-2,1/9/2024,770,MPN/100mL,1,,1,MDL,,Total,SM9223B,"Thurston County Health Department Lab, Olympia WA"
WQC-2023-ThCoPH-00258,00177-003-01,BLA00301,Sample,GovLocal,1/9/2024,Segmentation,46.980352,-122.975222,080-70,,N,N,Water,Fresh/Surface Water,HANDGRAB,,E.coli,68583-22-2,1/9/2024,727,MPN/100mL,1,,1,MDL,,Total,SM9223B,"Thurston County Health Department Lab, Olympia WA"
WQC-2023-ThCoPH-00259,00177-002-04,BLA00204,Sample,GovLocal,1/9/2024,Segmentation,46.993164,-122.957002,080-71,,N,N,Water,Fresh/Surface Water,HANDGRAB,,E.coli,68583-22-2,1/9/2024,52,MPN/100mL,1,,1,MDL,REJ,Total,SM9223B,"Thurston County Health Department Lab, Olympia WA"
WQC-2023-ThCoPH-00260,00177-002-04,BLA00204,Sample,GovLocal,1/9/2024,Segmentation,46.993164,-122.957002,080-72,QA,Y,N,Water,Fresh/Surface Water,HANDGRAB,,E.coli,68583-22-2,1/9/2024,29,MPN/100mL,1,,1,MDL,REJ,Total,SM9223B,"Thurston County Health Department Lab, Olympia WA"
WQC-2023-ThCoPH-00261,00177-001,BLA001,Sample,GovLocal,1/11/2024,,46.999244,-122.971982,080-81,,N,N,Water,Fresh/Surface Water,HANDGRAB,,E.coli,68583-22-3,1/9/2024,59,MPN/100mL,1,,1,MDL,,Total,SM9223B,"Thurston County Health Department Lab, Olympia WA"
WQC-2023-ThCoPH-00262,00177-002,BLA002,Sample,GovLocal,1/11/2024,,46.988902,-122.964812,080-82,,N,N,Water,Fresh/Surface Water,HANDGRAB,,E.coli,68583-22-4,1/9/2024,45,MPN/100mL,1,,1,MDL,,Total,SM9223B,"Thurston County Health Department Lab, Olympia WA"
WQC-2023-ThCoPH-00263,00177-002,BLA002,Sample,GovLocal,1/11/2024,,46.988902,-122.964812,080-83,QA,Y,N,Water,Fresh/Surface Water,HANDGRAB,,E.coli,68583-22-5,1/9/2024,49,MPN/100mL,1,,1,MDL,,Total,SM9223B,"Thurston County Health Department Lab, Olympia WA"
WQC-2023-ThCoPH-00264,00177-003,BLA003,Sample,GovLocal,1/11/2024,,46.9891,-122.96155,080-84,,N,N,Water,Fresh/Surface Water,HANDGRAB,,E.coli,68583-22-6,1/9/2024,228,MPN/100mL,1,,1,MDL,,Total,SM9223B,"Thurston County Health Department Lab, Olympia WA"
WQC-2023-ThCoPH-00265,00177-004,BLA004,Sample,GovLocal,1/11/2024,,46.980352,-122.975222,080-85,,N,N,Water,Fresh/Surface Water,HANDGRAB,,E.coli,68583-22-7,1/9/2024,10,MPN/100mL,1,,1,MDL,,Total,SM9223B,"Thurston County Health Department Lab, Olympia WA"
WQC-2023-ThCoPH-00266,00177-004,BLA004,Sample,GovLocal,1/11/2024,,46.980352,-122.975222,080-86,QA,Y,N,Water,Fresh/Surface Water,HANDGRAB,,E.coli,68583-22-8,1/9/2024,8,MPN/100mL,1,,1,MDL,,Total,SM9223B,"Thurston County Health Department Lab, Olympia WA"
WQC-2023-ThCoPH-00267,00177-005,BLA005,Sample,GovLocal,1/11/2024,,46.9794,-122.9714,080-87,,N,N,Water,Fresh/Surface Water,HANDGRAB,,E.coli,68583-22-9,1/9/2024,20,MPN/100mL,1,,1,MDL,,Total,SM9223B,"Thurston County Health Department Lab, Olympia WA"
WQC-2023-ThCoPH-00268,00177-008,BLA008,Sample,GovLocal,1/11/2024,,47.009801,-122.965046,080-88,,N,N,Water,Fresh/Surface Water,HANDGRAB,,E.coli,68583-22-10,1/9/2024,8,MPN/100mL,1,,1,MDL,,Total,SM9223B,"Thurston County Health Department Lab, Olympia WA"
WQC-2023-ThCoPH-00269,00177-007,BLA007,Sample,GovLocal,1/11/2024,,46.980353,-122.9882787,080-89,,N,N,Water,Fresh/Surface Water,HANDGRAB,,E.coli,68583-22-11,1/9/2024,1120,MPN/100mL,1,,1,MDL,,Total,SM9223B,"Thurston County Health Department Lab, Olympia WA"
WQC-2023-ThCoPH-00270,00177-009,BLA009,Sample,GovLocal,1/11/2024,,46.996677,-122.984555,080-90,,N,N,Water,Fresh/Surface Water,HANDGRAB,,E.coli,68583-22-12,1/9/2024,10,MPN/100mL,1,,1,MDL,,Total,SM9223B,"Thurston County Health Department Lab, Olympia WA"
WQC-2023-ThCoPH-00271,00177-001,BLA001,Sample,GovLocal,12/14/2023,,46.999244,-122.971982,23-A022221,,N,N,Water,Fresh/Surface Water,HANDGRAB,,Total Phosphorus,,1/9/2024,0.03,mg/L,0.005,,0.0047,MDL,,Total,SM4500P-F,"AmTest Laboratories, Kirkland WA"
WQC-2023-ThCoPH-00272,00177-001,BLA001,Sample,GovLocal,12/14/2023,,46.999244,-122.971982,23-A022222,QA,Y,N,Water,Fresh/Surface Water,HANDGRAB,,Total Phosphorus,,1/9/2024,0.028,mg/L,0.005,,0.0047,MDL,,Total,SM4500P-F,"AmTest Laboratories, Kirkland WA"
WQC-2023-ThCoPH-00273,00177-002,BLA002,Sample,GovLocal,12/14/2023,,46.988902,-122.964812,23-A022223,,N,N,Water,Fresh/Surface Water,HANDGRAB,,Total Phosphorus,,1/9/2024,0.031,mg/L,0.005,,0.0047,MDL,,Total,SM4500P-F,"AmTest Laboratories, Kirkland WA"
WQC-2023-ThCoPH-00274,00177-003,BLA003,Sample,GovLocal,12/14/2023,,46.9891,-122.96155,23-A022224,,N,N,Water,Fresh/Surface Water,HANDGRAB,,Total Phosphorus,,1/9/2024,0.042,mg/L,0.005,,0.0047,MDL,,Total,SM4500P-F,"AmTest Laboratories, Kirkland WA"
WQC-2023-ThCoPH-00275,00177-004,BLA004,Sample,GovLocal,12/14/2023,,46.980352,-122.975222,23-A022225,,N,N,Water,Fresh/Surface Water,HANDGRAB,,Total Phosphorus,,1/9/2024,0.018,mg/L,0.005,,0.0047,MDL,,Total,SM4500P-F,"AmTest Laboratories, Kirkland WA"
WQC-2023-ThCoPH-00276,00177-005,BLA005,Sample,GovLocal,12/14/2023,,46.9794,-122.9714,23-A022226,,N,N,Water,Fresh/Surface Water,HANDGRAB,,Total Phosphorus,,1/9/2024,0.015,mg/L,0.005,,0.0047,MDL,,Total,SM4500P-F,"AmTest Laboratories, Kirkland WA"
WQC-2023-ThCoPH-00277,00177-008,BLA008,Sample,GovLocal,12/14/2023,,47.009801,-122.965046,23-A022227,,N,N,Water,Fresh/Surface Water,HANDGRAB,,Total Phosphorus,,1/9/2024,0.025,mg/L,0.005,,0.0047,MDL,,Total,SM4500P-F,"AmTest Laboratories, Kirkland WA"
WQC-2023-ThCoPH-00278,00177-006,BLA006,Sample,GovLocal,12/14/2023,,47.00784,-122.97618,23-A022228,,N,N,Water,Fresh/Surface Water,HANDGRAB,,Total Phosphorus,,1/9/2024,0.02,mg/L,0.005,,0.0047,MDL,,Total,SM4500P-F,"AmTest Laboratories, Kirkland WA"
WQC-2023-ThCoPH-00279,00177-009,BLA009,Sample,GovLocal,12/14/2023,,46.996677,-122.984555,23-A022229,,N,N,Water,Fresh/Surface Water,HANDGRAB,,Total Phosphorus,,1/9/2024,0.014,mg/L,0.005,,0.0047,MDL,,Total,SM4500P-F,"AmTest Laboratories, Kirkland WA"
WQC-2023-ThCoPH-00280,00177-009,BLA009,Sample,GovLocal,12/15/2023,,46.996677,-122.984555,23-A022230,QA,Y,N,Water,Fresh/Surface Water,HANDGRAB,,Total Phosphorus,,1/9/2024,0.015,mg/L,0.005,,0.0047,MDL,,Total,SM4500P-F,"AmTest Laboratories, Kirkland WA"
WQC-2023-ThCoPH-00281,00177-007,BLA007,Sample,GovLocal,12/16/2023,,46.980353,-122.9882787,23-A022231,,N,N,Water,Fresh/Surface Water,HANDGRAB,,Total Phosphorus,,1/9/2024,0.03,mg/L,0.005,,0.0047,MDL,,Total,SM4500P-F,"AmTest Laboratories, Kirkland WA"
WQC-2023-ThCoPH-00282,00177-001,BLA001,Sample,GovLocal,12/16/2023,,46.999244,-122.971982,23-A022221,,N,N,Water,Fresh/Surface Water,HANDGRAB,,Total Nitrogen ,,1/9/2024,0.238,mg/L,0.02,,0.015,MDL,,Total,SM4500P-F,"AmTest Laboratories, Kirkland WA"
WQC-2023-ThCoPH-00283,00177-001,BLA001,Sample,GovLocal,12/16/2023,,46.999244,-122.971982,23-A022222,QA,Y,N,Water,Fresh/Surface Water,HANDGRAB,,Total Nitrogen ,,1/9/2024,0.239,mg/L,0.02,,0.015,MDL,,Total,SM4500P-F,"AmTest Laboratories, Kirkland WA"
WQC-2023-ThCoPH-00284,00177-002,BLA002,Sample,GovLocal,12/16/2023,,46.988902,-122.964812,23-A022223,,N,N,Water,Fresh/Surface Water,HANDGRAB,,Total Nitrogen ,,1/9/2024,0.35,mg/L,0.02,,0.015,MDL,,Total,SM4500P-F,"AmTest Laboratories, Kirkland WA"
WQC-2023-ThCoPH-00285,00177-003,BLA003,Sample,GovLocal,12/16/2023,,46.9891,-122.96155,23-A022224,,N,N,Water,Fresh/Surface Water,HANDGRAB,,Total Nitrogen ,,1/9/2024,0.379,mg/L,0.02,,0.015,MDL,,Total,SM4500P-F,"AmTest Laboratories, Kirkland WA"
WQC-2023-ThCoPH-00286,00177-004,BLA004,Sample,GovLocal,12/16/2023,,46.980352,-122.975222,23-A022225,,N,N,Water,Fresh/Surface Water,HANDGRAB,,Total Nitrogen ,,1/9/2024,0.362,mg/L,0.02,,0.015,MDL,,Total,SM4500P-F,"AmTest Laboratories, Kirkland WA"
WQC-2023-ThCoPH-00287,00177-005,BLA005,Sample,GovLocal,12/16/2023,,46.9794,-122.9714,23-A022226,,N,N,Water,Fresh/Surface Water,HANDGRAB,,Total Nitrogen ,,1/9/2024,0.362,mg/L,0.02,,0.015,MDL,,Total,SM4500P-F,"AmTest Laboratories, Kirkland WA"
WQC-2023-ThCoPH-00288,00177-008,BLA008,Sample,GovLocal,12/16/2023,,47.009801,-122.965046,23-A022227,,N,N,Water,Fresh/Surface Water,HANDGRAB,,Total Nitrogen ,,1/9/2024,0.116,mg/L,0.02,,0.015,MDL,,Total,SM4500P-F,"AmTest Laboratories, Kirkland WA"
WQC-2023-ThCoPH-00289,00177-006,BLA006,Sample,GovLocal,12/16/2023,,47.00784,-122.97618,23-A022228,,N,N,Water,Fresh/Surface Water,HANDGRAB,,Total Nitrogen ,,1/9/2024,0.293,mg/L,0.02,,0.015,MDL,,Total,SM4500P-F,"AmTest Laboratories, Kirkland WA"
WQC-2023-ThCoPH-00290,00177-009,BLA009,Sample,GovLocal,12/16/2023,,46.996677,-122.984555,23-A022229,,N,N,Water,Fresh/Surface Water,HANDGRAB,,Total Nitrogen ,,1/9/2024,0.2,mg/L,0.02,,0.015,MDL,,Total,SM4500P-F,"AmTest Laboratories, Kirkland WA"
WQC-2023-ThCoPH-00291,00177-009,BLA009,Sample,GovLocal,12/16/2023,,46.996677,-122.984555,23-A022230,QA,Y,N,Water,Fresh/Surface Water,HANDGRAB,,Total Nitrogen ,,1/9/2024,0.197,mg/L,0.02,,0.015,MDL,,Total,SM4500P-F,"AmTest Laboratories, Kirkland WA"
WQC-2023-ThCoPH-00292,00177-007,BLA007,Sample,GovLocal,12/16/2023,,46.980353,-122.9882787,23-A022231,,N,N,Water,Fresh/Surface Water,HANDGRAB,,Total Nitrogen ,,1/9/2024,2.1,mg/L,0.02,,0.015,MDL,,Total,SM4500P-F,"AmTest Laboratories, Kirkland WA"
WQC-2023-ThCoPH-00293,00177-001,BLA001,Sample,GovLocal,9/14/2023,,46.999244,-122.971982,23-A015807,,N,N,Water,Fresh/Surface Water,HANDGRAB,,Total Nitrogen ,,9/27/2023,0.128,mg/L,0.02,,0.015,MDL,,Total,SM4500P-F,"AmTest Laboratories, Kirkland WA"
WQC-2023-ThCoPH-00294,00177-002,BLA002,Sample,GovLocal,9/14/2023,,46.988902,-122.964812,23-A015808,,N,N,Water,Fresh/Surface Water,HANDGRAB,,Total Nitrogen ,,9/27/2023,0.239,mg/L,0.02,,0.015,MDL,,Total,SM4500P-F,"AmTest Laboratories, Kirkland WA"
WQC-2023-ThCoPH-00295,00177-003,BLA003,Sample,GovLocal,9/14/2023,,46.9891,-122.96155,23-A015809,,N,N,Water,Fresh/Surface Water,HANDGRAB,,Total Nitrogen ,,9/27/2023,0.137,mg/L,0.02,,0.015,MDL,,Total,SM4500P-F,"AmTest Laboratories, Kirkland WA"
WQC-2023-ThCoPH-00296,00177-004,BLA004,Sample,GovLocal,9/14/2023,,46.980352,-122.975222,23-A015810,,N,N,Water,Fresh/Surface Water,HANDGRAB,,Total Nitrogen ,,9/27/2023,0.174,mg/L,0.02,,0.015,MDL,,Total,SM4500P-F,"AmTest Laboratories, Kirkland WA"
WQC-2023-ThCoPH-00297,00177-005,BLA005,Sample,GovLocal,9/14/2023,,46.9794,-122.9714,23-A015811,,N,N,Water,Fresh/Surface Water,HANDGRAB,,Total Nitrogen ,,9/27/2023,0.071,mg/L,0.02,,0.015,MDL,,Total,SM4500P-F,"AmTest Laboratories, Kirkland WA"
WQC-2023-ThCoPH-00298,00177-007,BLA007,Sample,GovLocal,9/14/2023,,46.980353,-122.9882787,23-A015812,,N,N,Water,Fresh/Surface Water,HANDGRAB,,Total Nitrogen ,,9/27/2023,1.03,mg/L,0.02,,0.015,MDL,,Total,SM4500P-F,"AmTest Laboratories, Kirkland WA"
WQC-2023-ThCoPH-00299,00177-007,BLA007 ,Sample,GovLocal,9/14/2023,,46.980353,-122.9882787,23-A015813,QA,Y,N,Water,Fresh/Surface Water,HANDGRAB,,Total Nitrogen ,,9/27/2023,0.884,mg/L,0.02,,0.015,MDL,,Total,SM4500P-F,"AmTest Laboratories, Kirkland WA"
WQC-2023-ThCoPH-00300,00177-008,BLA008,Sample,GovLocal,9/14/2023,,47.009801,-122.965046,23-A015814,,N,N,Water,Fresh/Surface Water,HANDGRAB,,Total Nitrogen ,,9/27/2023,0.046,mg/L,0.02,,0.015,MDL,,Total,SM4500P-F,"AmTest Laboratories, Kirkland WA"
WQC-2023-ThCoPH-00301,00177-009,BLA009,Sample,GovLocal,9/14/2023,,46.996677,-122.984555,23-A015815,,N,N,Water,Fresh/Surface Water,HANDGRAB,,Total Nitrogen ,,9/27/2023,0.234,mg/L,0.02,,0.015,MDL,,Total,SM4500P-F,"AmTest Laboratories, Kirkland WA"
WQC-2023-ThCoPH-00302,00177-002-01,BLA00201,Sample,GovLocal,1/16/2024,Segmentation,46.98639,-122.97224,080-91,,N,N,Water,Fresh/Surface Water,HANDGRAB,,E.coli,,1/16/2024,20,MPN/100mL,1,,1,MDL,,Total,SM9223B,"Thurston County Health Department Lab, Olympia WA"
WQC-2023-ThCoPH-00303,00177-002-02,BLA00202,Sample,GovLocal,1/16/2024,Segmentation,46.98759,-122.96935,080-92,,N,N,Water,Fresh/Surface Water,HANDGRAB,,E.coli,,1/16/2024,12,MPN/100mL,1,,1,MDL,,Total,SM9223B,"Thurston County Health Department Lab, Olympia WA"
WQC-2023-ThCoPH-00304,00177-002,BLA002,Sample,GovLocal,1/16/2024,Segmentation,46.988902,-122.964812,080-93,,N,N,Water,Fresh/Surface Water,HANDGRAB,,E.coli,,1/16/2024,13,MPN/100mL,1,,1,MDL,,Total,SM9223B,"Thurston County Health Department Lab, Olympia WA"
WQC-2023-ThCoPH-00305,00177-002-03,BLA00203,Sample,GovLocal,1/16/2024,Segmentation,46.99045,-122.96175,080-94,,N,N,Water,Fresh/Surface Water,HANDGRAB,,E.coli,,1/16/2024,10,MPN/100mL,1,,1,MDL,,Total,SM9223B,"Thurston County Health Department Lab, Olympia WA"
WQC-2023-ThCoPH-00306,00177-003,BLA003,Sample,GovLocal,1/16/2024,Segmentation,46.9891,-122.96155,080-95,,N,N,Water,Fresh/Surface Water,HANDGRAB,,E.coli,,1/16/2024,67,MPN/100mL,1,,1,MDL,,Total,SM9223B,"Thurston County Health Department Lab, Olympia WA"
WQC-2023-ThCoPH-00307,00177-003-01,BLA00301,Sample,GovLocal,1/16/2024,Segmentation,46.980352,-122.975222,080-96,,N,N,Water,Fresh/Surface Water,HANDGRAB,,E.coli,,1/16/2024,111,MPN/100mL,1,,1,MDL,,Total,SM9223B,"Thurston County Health Department Lab, Olympia WA"
WQC-2023-ThCoPH-00308,00177-003-01,BLA00301,Sample,GovLocal,1/16/2024,Segmentation,46.980352,-122.975222,080-97,QA,Y,N,Water,Fresh/Surface Water,HANDGRAB,,E.coli,,1/16/2024,93,MPN/100mL,1,,1,MDL,,Total,SM9223B,"Thurston County Health Department Lab, Olympia WA"
WQC-2023-ThCoPH-00309,00177-002-04,BLA00204,Sample,GovLocal,1/16/2024,Segmentation,46.993164,-122.957002,080-98,,N,N,Water,Fresh/Surface Water,HANDGRAB,,E.coli,,1/16/2024,9,MPN/100mL,1,,1,MDL,,Total,SM9223B,"Thurston County Health Department Lab, Olympia WA"
WQC-2023-ThCoPH-00302,00177-002-01,BLA00201,Sample,GovLocal,1/22/2024,Segmentation,46.98639,-122.97224,080-111,,N,N,Water,Fresh/Surface Water,HANDGRAB,,E.coli,,1/22/2024,101,MPN/100mL,1,,1,MDL,,Total,SM9223B,"Thurston County Health Department Lab, Olympia WA"
WQC-2023-ThCoPH-00303,00177-002-02,BLA00202,Sample,GovLocal,1/22/2024,Segmentation,46.98759,-122.96935,080-112,,N,N,Water,Fresh/Surface Water,HANDGRAB,,E.coli,,1/22/2024,51,MPN/100mL,1,,1,MDL,,Total,SM9223B,"Thurston County Health Department Lab, Olympia WA"
WQC-2023-ThCoPH-00304,00177-002,BLA002,Sample,GovLocal,1/22/2024,Segmentation,46.988902,-122.964812,080-113,,N,N,Water,Fresh/Surface Water,HANDGRAB,,E.coli,,1/22/2024,47,MPN/100mL,1,,1,MDL,,Total,SM9223B,"Thurston County Health Department Lab, Olympia WA"
WQC-2023-ThCoPH-00304,00177-002,BLA002,Sample,GovLocal,1/22/2024,Segmentation,46.988902,-122.964812,080-114,QA,Y,N,Water,Fresh/Surface Water,HANDGRAB,,E.coli,,1/22/2024,51,MPN/100mL,1,,1,MDL,,Total,SM9223B,"Thurston County Health Department Lab, Olympia WA"
WQC-2023-ThCoPH-00305,00177-002-03,BLA00203,Sample,GovLocal,1/22/2024,Segmentation,46.99045,-122.96175,080-115,,N,N,Water,Fresh/Surface Water,HANDGRAB,,E.coli,,1/22/2024,93,MPN/100mL,1,,1,MDL,,Total,SM9223B,"Thurston County Health Department Lab, Olympia WA"
WQC-2023-ThCoPH-00306,00177-003,BLA003,Sample,GovLocal,1/22/2024,Segmentation,46.9891,-122.96155,080-116,,N,N,Water,Fresh/Surface Water,HANDGRAB,,E.coli,,1/22/2024,291,MPN/100mL,1,,1,MDL,,Total,SM9223B,"Thurston County Health Department Lab, Olympia WA"
WQC-2023-ThCoPH-00307,00177-003-01,BLA00301,Sample,GovLocal,1/22/2024,Segmentation,46.980352,-122.975222,080-117,,N,N,Water,Fresh/Surface Water,HANDGRAB,,E.coli,,1/22/2024,222,MPN/100mL,1,,1,MDL,,Total,SM9223B,"Thurston County Health Department Lab, Olympia WA"
WQC-2023-ThCoPH-00309,00177-002-04,BLA00204,Sample,GovLocal,1/22/2024,Segmentation,46.993164,-122.957002,080-118,,N,N,Water,Fresh/Surface Water,HANDGRAB,,E.coli,,1/22/2024,61,MPN/100mL,1,,1,MDL,,Total,SM9223B,"Thurston County Health Department Lab, Olympia WA"
WQC-2023-ThCoPH-00310,00177-007,BLA007,Sample,GovLocal,1/22/2024,Segmentation,46.980353,-122.9882787,080-101,,N,N,Water,Fresh/Surface Water,HANDGRAB,,E.coli,,1/22/2024,1153,MPN/100mL,1,,1,MDL,,Total,SM9223B,"Thurston County Health Department Lab, Olympia WA"
WQC-2023-ThCoPH-00311,00177-007-01,BLA00701,Sample,GovLocal,1/22/2024,Segmentation,46.98082,-122.98925,080-102,,N,N,Water,Fresh/Surface Water,HANDGRAB,,E.coli,,1/22/2024,32,MPN/100mL,1,,1,MDL,,Total,SM9223B,"Thurston County Health Department Lab, Olympia WA"
WQC-2023-ThCoPH-00312,00177-007-02,BLA00702,Sample,GovLocal,1/22/2024,Segmentation,46.97965,-122.99265,080-103,,N,N,Water,Fresh/Surface Water,HANDGRAB,,E.coli,,1/22/2024,26,MPN/100mL,1,,1,MDL,,Total,SM9223B,"Thurston County Health Department Lab, Olympia WA"
WQC-2023-ThCoPH-00313,00177-007-03,BLA00703,Sample,GovLocal,1/22/2024,Segmentation,46.97973,-122.99271,080-104,,N,N,Water,Fresh/Surface Water,HANDGRAB,,E.coli,,1/22/2024,770,MPN/100mL,1,,1,MDL,,Total,SM9223B,"Thurston County Health Department Lab, Olympia WA"
WQC-2023-ThCoPH-00314,00177-007-04,BLA00704,Sample,GovLocal,1/22/2024,Segmentation,46.97975,-122.99252,080-105,,N,N,Water,Fresh/Surface Water,HANDGRAB,,E.coli,,1/22/2024,205,MPN/100mL,1,,1,MDL,,Total,SM9223B,"Thurston County Health Department Lab, Olympia WA"
WQC-2023-ThCoPH-00315,00177-007-05,BLA00705,Sample,GovLocal,1/22/2024,Segmentation,46.97927,-122.99153,080-106,,N,N,Water,Fresh/Surface Water,HANDGRAB,,E.coli,,1/22/2024,56,MPN/100mL,1,,1,MDL,,Total,SM9223B,"Thurston County Health Department Lab, Olympia WA"
WQC-2023-ThCoPH-00315,00177-007-05,BLA00705,Sample,GovLocal,1/22/2024,Segmentation,46.97927,-122.99153,080-107,QA,Y,N,Water,Fresh/Surface Water,HANDGRAB,,E.coli,,1/22/2024,44,MPN/100mL,1,,1,MDL,,Total,SM9223B,"Thurston County Health Department Lab, Olympia WA"
WQC-2023-ThCoPH-00316,00177-007-06,BLA00706,Sample,GovLocal,1/22/2024,Segmentation,46.97915,-122.99149,080-108,,N,N,Water,Fresh/Surface Water,HANDGRAB,,E.coli,,1/22/2024,1203,MPN/100mL,1,,1,MDL,,Total,SM9223B,"Thurston County Health Department Lab, Olympia WA"
WQC-2023-ThCoPH-00317,00177-007-07,BLA00707,Sample,GovLocal,1/22/2024,Segmentation,46.97786,-122.99137,080-109,,N,N,Water,Fresh/Surface Water,HANDGRAB,,E.coli,,1/22/2024,1203,MPN/100mL,1,,1,MDL,,Total,SM9223B,"Thurston County Health Department Lab, Olympia WA"
WQC-2023-ThCoPH-00318,00177-007-08,BLA00708,Sample,GovLocal,1/22/2024,Segmentation,46.97975,-122.99429,080-110,,N,N,Water,Fresh/Surface Water,HANDGRAB,,E.coli,,1/22/2024,1203,MPN/100mL,1,,1,MDL,,Total,SM9223B,"Thurston County Health Department Lab, Olympia WA"
WQC-2023-ThCoPH-00319,00177-007-09,BLA00709,Sample,GovLocal,1/22/2024,Segmentation,46.98072,-122.98933,080-119,,N,N,Water,Fresh/Surface Water,HANDGRAB,,E.coli,,1/22/2024,7,MPN/100mL,1,,1,MDL,,Total,SM9223B,"Thurston County Health Department Lab, Olympia WA"
